date,time,open,high,low,close,volume,Accumulated sales volume,Accumulated number of contract
20230630,1530,1742,1742,1742,1742,1903,80149,142905
20230630,1520,1742,1742,1742,1742,1,80149,141002
20230630,1519,1744,1744,1742,1743,183,80148,141002
20230630,1518,1739,1744,1731,1744,5274,80142,140825
20230630,1517,1743,1743,1732,1740,314,74878,140815
20230630,1516,1744,1744,1743,1743,591,74631,140748
20230630,1515,1743,1744,1743,1743,144,74629,140159
20230630,1514,1745,1745,1744,1744,34,74494,140150
20230630,1513,1745,1746,1745,1746,364,74490,140120
20230630,1512,1745,1746,1745,1745,11,74136,140110
20230630,1511,1745,1746,1745,1746,5,74131,140104
20230630,1510,1744,1745,1744,1745,119,74127,140103
20230630,1509,1745,1746,1745,1745,4,74122,139989
20230630,1508,1746,1746,1745,1745,13,74121,139986
20230630,1507,1736,1746,1732,1746,668,74120,139974
20230630,1506,1739,1739,1736,1736,91,73460,139966
20230630,1505,1740,1740,1732,1732,299,73458,139877
20230630,1504,1744,1745,1740,1740,1049,73162,139874
20230630,1503,1744,1744,1740,1740,1032,72595,139392
20230630,1501,1744,1744,1744,1744,410,71849,139106
20230630,1500,1740,1744,1740,1744,64,71439,139106
20230630,1458,1745,1745,1740,1740,1061,71414,139067
20230630,1457,1744,1746,1744,1745,2598,70353,139067
20230630,1456,1744,1744,1744,1744,20,70260,136562
20230630,1455,1744,1744,1744,1744,147,70240,136562
20230630,1454,1744,1746,1744,1746,401,70093,136562
20230630,1453,1744,1744,1744,1744,19,70074,136180
20230630,1452,1747,1747,1745,1745,512,70055,136180
20230630,1451,1745,1745,1745,1745,6,69546,136177
20230630,1450,1743,1747,1743,1747,12,69540,136177
20230630,1448,1748,1748,1744,1744,46,69540,136165
20230630,1447,1746,1749,1740,1740,5549,69540,136119
20230630,1446,1748,1749,1746,1749,252,63993,136117
20230630,1445,1747,1748,1746,1746,396,63970,135888
20230630,1444,1746,1746,1746,1746,1,63956,135506
20230630,1443,1746,1746,1746,1746,13,63955,135506
20230630,1442,1746,1746,1746,1746,23,63952,135496
20230630,1441,1746,1746,1746,1746,90,63929,135496
20230630,1440,1746,1747,1746,1747,456,63871,135464
20230630,1439,1747,1747,1746,1746,118,63866,135013
20230630,1438,1747,1747,1747,1747,24,63753,135008
20230630,1437,1747,1747,1747,1747,14,63729,135008
20230630,1436,1746,1748,1746,1747,366,63715,135008
20230630,1435,1740,1745,1740,1745,32,63697,134660
20230630,1433,1741,1741,1740,1740,1014,63665,134660
20230630,1432,1746,1746,1741,1741,2968,62651,134660
20230630,1431,1748,1748,1746,1746,26,59683,134660
20230630,1430,1745,1747,1745,1747,39,59681,134636
20230630,1427,1745,1747,1744,1747,384,59676,134602
20230630,1426,1745,1745,1745,1745,1,59294,134600
20230630,1425,1748,1748,1745,1748,39,59293,134600
20230630,1423,1748,1749,1748,1749,4,59292,134562
20230630,1420,1748,1749,1747,1749,509,59292,134558
20230630,1419,1748,1748,1748,1748,1,59292,134049
20230630,1417,1749,1749,1749,1749,407,59291,134049
20230630,1415,1750,1750,1749,1749,162,59291,133642
20230630,1414,1750,1750,1750,1750,1,59183,133588
20230630,1411,1751,1751,1751,1751,2,59183,133587
20230630,1410,1750,1751,1750,1751,471,59183,133585
20230630,1409,1745,1745,1745,1745,120,59183,133114
20230630,1408,1750,1751,1750,1751,382,59063,133114
20230630,1407,1750,1750,1750,1750,86,59063,132732
20230630,1406,1751,1751,1750,1750,82,58980,132729
20230630,1405,1750,1751,1750,1751,82,58943,132684
20230630,1404,1743,1751,1742,1750,1319,58864,132681
20230630,1401,1751,1751,1751,1751,2000,58512,131714
20230630,1400,1742,1751,1742,1751,1451,58512,129714
20230630,1359,1749,1749,1742,1742,436,57568,129207
20230630,1355,1751,1751,1749,1749,40,57567,128772
20230630,1354,1751,1751,1751,1751,8,57537,128762
20230630,1350,1747,1752,1741,1741,1198,57537,128754
20230630,1349,1752,1752,1747,1747,2,57172,127921
20230630,1348,1749,1755,1749,1755,1319,57171,127920
20230630,1347,1744,1749,1744,1749,9463,57171,126601
20230630,1346,1741,1744,1741,1744,1538,57170,117139
20230630,1345,1741,1741,1740,1741,3189,57160,115611
20230630,1344,1740,1740,1740,1740,300,56358,113224
20230630,1342,1740,1740,1740,1740,5,56058,113224
20230630,1340,1740,1741,1740,1741,834,56053,113224
20230630,1339,1740,1741,1740,1741,482,56052,112391
20230630,1338,1740,1740,1740,1740,111,56052,111909
20230630,1337,1740,1740,1740,1740,90,55941,111909
20230630,1336,1740,1740,1740,1740,87,55851,111909
20230630,1332,1741,1741,1740,1740,917,55851,111822
20230630,1331,1742,1742,1740,1740,1609,54936,111820
20230630,1330,1741,1743,1740,1743,488,53719,111428
20230630,1329,1740,1740,1740,1740,100,53619,111040
20230630,1328,1740,1740,1740,1740,30,53519,111040
20230630,1326,1740,1741,1740,1741,76,53489,111040
20230630,1325,1741,1741,1740,1740,63,53489,110964
20230630,1324,1741,1741,1740,1740,122,53427,110963
20230630,1323,1741,1741,1741,1741,1,53426,110842
20230630,1322,1739,1740,1739,1740,1136,53426,110841
20230630,1321,1739,1739,1739,1739,5,53407,109724
20230630,1320,1738,1740,1738,1739,544,53402,109724
20230630,1319,1737,1738,1736,1738,317,53286,109296
20230630,1317,1737,1737,1737,1737,21,53079,109186
20230630,1316,1738,1738,1737,1737,70,53058,109186
20230630,1315,1738,1738,1738,1738,40,53028,109146
20230630,1314,1739,1739,1739,1739,224,53028,109106
20230630,1313,1736,1740,1736,1740,482,53028,108882
20230630,1312,1740,1740,1736,1736,101,52928,108500
20230630,1311,1735,1735,1735,1735,800,52828,108499
20230630,1310,1739,1740,1739,1740,452,52028,108499
20230630,1309,1739,1739,1739,1739,272,52028,108047
20230630,1308,1739,1739,1739,1739,1160,52028,107775
20230630,1307,1739,1739,1739,1739,1,52028,106615
20230630,1306,1739,1739,1739,1739,50,52028,106614
20230630,1305,1739,1739,1739,1739,101,52028,106564
20230630,1304,1737,1739,1733,1733,383,52028,106463
20230630,1303,1732,1732,1732,1732,761,52027,106081
20230630,1302,1739,1739,1738,1738,172,51266,106081
20230630,1301,1739,1739,1739,1739,388,51104,106071
20230630,1300,1737,1740,1736,1739,621,51091,105696
20230630,1259,1731,1736,1730,1736,8127,50856,105310
20230630,1258,1732,1732,1731,1731,101,49728,98311
20230630,1257,1733,1733,1733,1733,39,49725,98213
20230630,1256,1734,1734,1733,1733,41,49725,98174
20230630,1255,1732,1734,1732,1734,1968,49724,98134
20230630,1254,1731,1732,1731,1732,382,49724,96166
20230630,1250,1731,1732,1731,1732,787,49724,95784
20230630,1249,1731,1731,1731,1731,109,49628,95093
20230630,1248,1731,1731,1731,1731,100,49628,94984
20230630,1245,1730,1732,1730,1732,388,49628,94884
20230630,1244,1732,1732,1730,1730,888,49628,94496
20230630,1242,1730,1733,1730,1733,143,48740,94496
20230630,1241,1730,1730,1730,1730,498,48669,94424
20230630,1240,1731,1733,1731,1733,452,48171,94424
20230630,1239,1731,1732,1723,1732,78,48171,93972
20230630,1238,1733,1733,1731,1733,471,48161,93904
20230630,1237,1731,1733,1731,1733,313,47819,93775
20230630,1236,1723,1733,1723,1733,848,47816,93465
20230630,1234,1723,1723,1723,1723,42,47816,92617
20230630,1233,1723,1723,1723,1723,28,47774,92617
20230630,1231,1733,1733,1733,1733,50,47746,92617
20230630,1230,1732,1733,1723,1723,1123,47746,92567
20230630,1227,1731,1732,1731,1732,382,47075,92115
20230630,1226,1732,1732,1720,1732,224,47075,91733
20230630,1223,1732,1732,1732,1732,300,47027,91557
20230630,1221,1721,1732,1721,1732,602,47027,91257
20230630,1220,1732,1733,1732,1733,452,46937,90745
20230630,1218,1733,1733,1733,1733,133,46937,90293
20230630,1217,1721,1734,1717,1734,3532,46937,90160
20230630,1216,1734,1734,1734,1734,1,43787,89778
20230630,1215,1730,1730,1724,1724,5000,43787,89777
20230630,1214,1733,1734,1733,1734,773,40460,88104
20230630,1212,1733,1733,1733,1733,50,40460,87331
20230630,1211,1733,1733,1733,1733,200,40460,87281
20230630,1210,1732,1733,1732,1733,458,40460,87081
20230630,1208,1732,1732,1732,1732,432,40460,86623
20230630,1205,1731,1732,1731,1732,111,40460,86191
20230630,1204,1728,1728,1728,1728,752,40460,86080
20230630,1202,1728,1730,1728,1728,1780,39708,86080
20230630,1201,1728,1730,1728,1730,83,39084,84924
20230630,1200,1728,1730,1728,1730,783,39003,84922
20230630,1159,1729,1729,1725,1725,1438,38745,84397
20230630,1157,1725,1729,1725,1729,335,37689,84015
20230630,1156,1726,1726,1725,1725,1086,37355,84014
20230630,1155,1726,1726,1726,1726,9,36269,84014
20230630,1154,1726,1726,1726,1726,72,36260,84014
20230630,1153,1730,1730,1726,1729,172,36188,84014
20230630,1152,1729,1729,1729,1729,84,36021,84009
20230630,1151,1730,1730,1730,1730,1,36021,83925
20230630,1150,1730,1730,1729,1729,1010,36021,83924
20230630,1149,1728,1729,1728,1729,46,35615,83320
20230630,1148,1729,1729,1729,1729,12,35615,83274
20230630,1147,1729,1730,1729,1730,3,35615,83262
20230630,1146,1729,1729,1729,1729,3,35615,83259
20230630,1145,1729,1729,1727,1729,775,35615,83256
20230630,1144,1730,1730,1730,1730,305,34854,83242
20230630,1140,1734,1734,1734,1734,382,34549,83242
20230630,1139,1734,1734,1725,1734,507,34549,82860
20230630,1137,1734,1734,1724,1734,2522,34525,82377
20230630,1136,1734,1734,1733,1733,33,32007,82373
20230630,1134,1734,1734,1734,1734,1,31977,82370
20230630,1133,1734,1734,1733,1734,302,31977,82369
20230630,1131,1733,1734,1733,1734,383,31926,82118
20230630,1130,1734,1734,1728,1728,700,31926,81735
20230630,1129,1733,1734,1733,1734,452,31726,81235
20230630,1128,1734,1734,1734,1734,2,31726,80783
20230630,1127,1734,1734,1734,1734,106,31726,80781
20230630,1126,1735,1736,1734,1735,509,31681,80720
20230630,1125,1736,1737,1735,1737,2691,31181,80711
20230630,1124,1734,1737,1734,1737,1483,31089,78112
20230630,1123,1732,1734,1732,1734,3443,31082,76636
20230630,1122,1730,1732,1726,1728,6962,30798,73477
20230630,1121,1729,1730,1729,1730,126,30412,66901
20230630,1120,1726,1729,1726,1729,1738,30412,66775
20230630,1119,1724,1726,1724,1726,5000,30412,65037
20230630,1118,1718,1724,1718,1724,7948,30412,60037
20230630,1117,1718,1718,1718,1718,1571,30412,52089
20230630,1115,1717,1717,1717,1717,15,30412,50518
20230630,1114,1717,1717,1717,1717,1,30397,50518
20230630,1113,1717,1718,1717,1717,410,30396,50518
20230630,1112,1717,1717,1717,1717,1,30396,50108
20230630,1111,1718,1718,1718,1718,1,30396,50107
20230630,1110,1719,1719,1719,1719,1,30396,50106
20230630,1109,1718,1719,1718,1719,1052,30396,50105
20230630,1106,1720,1720,1720,1720,1,30396,49053
20230630,1104,1721,1721,1721,1721,383,30396,49052
20230630,1103,1720,1721,1720,1721,14,30396,48669
20230630,1101,1714,1721,1713,1721,6301,30396,48655
20230630,1100,1721,1722,1713,1714,3393,24096,48654
20230630,1059,1719,1721,1719,1721,582,22221,47136
20230630,1058,1719,1719,1719,1719,80,22221,46554
20230630,1057,1718,1720,1718,1719,1390,22221,46474
20230630,1055,1718,1718,1718,1718,443,22157,45148
20230630,1054,1718,1718,1718,1718,740,21714,45148
20230630,1053,1717,1718,1717,1718,906,21714,44408
20230630,1052,1716,1716,1716,1716,10,21714,43502
20230630,1051,1716,1716,1716,1716,200,21704,43502
20230630,1050,1717,1717,1717,1717,3,21504,43502
20230630,1049,1717,1717,1717,1717,452,21504,43499
20230630,1048,1716,1716,1716,1716,10,21504,43047
20230630,1047,1717,1717,1717,1717,300,21494,43047
20230630,1046,1717,1717,1717,1717,681,21494,42747
20230630,1045,1713,1716,1713,1716,21,21494,42066
20230630,1043,1713,1713,1713,1713,1,21494,42045
20230630,1039,1717,1717,1717,1717,452,21493,42045
20230630,1037,1717,1718,1711,1711,385,21493,41593
20230630,1036,1715,1718,1715,1715,398,21224,41477
20230630,1035,1715,1715,1715,1715,5,21209,41094
20230630,1034,1715,1715,1714,1715,81,21204,41094
20230630,1033,1715,1715,1715,1715,23,21201,41016
20230630,1031,1715,1715,1715,1715,234,21201,40993
20230630,1029,1715,1715,1715,1715,453,21201,40759
20230630,1028,1718,1718,1715,1715,233,21201,40306
20230630,1027,1717,1718,1717,1718,385,21001,40273
20230630,1026,1717,1717,1717,1717,1,21001,39888
20230630,1024,1715,1715,1715,1715,3,21001,39887
20230630,1023,1714,1714,1714,1714,1,20998,39887
20230630,1022,1718,1718,1718,1718,76,20997,39887
20230630,1020,1718,1718,1718,1718,2,20997,39811
20230630,1019,1718,1718,1718,1718,452,20997,39809
20230630,1018,1717,1718,1717,1718,3,20997,39357
20230630,1017,1718,1718,1718,1718,456,20997,39354
20230630,1015,1718,1718,1718,1718,25,20997,38898
20230630,1014,1714,1718,1713,1718,1335,20997,38873
20230630,1012,1718,1718,1718,1718,1,19997,38538
20230630,1011,1718,1718,1718,1718,401,19997,38537
20230630,1010,1718,1720,1718,1718,246,19596,38537
20230630,1009,1719,1719,1718,1719,160,19356,38531
20230630,1008,1719,1720,1719,1720,1099,19256,38471
20230630,1007,1719,1720,1719,1719,830,19020,37608
20230630,1006,1718,1719,1718,1719,3552,18755,37043
20230630,1005,1713,1718,1713,1718,7538,18730,33516
20230630,1004,1713,1713,1713,1713,6,18730,25978
20230630,1003,1712,1712,1712,1712,10,18730,25972
20230630,1000,1712,1712,1712,1712,419,18720,25972
20230630,959,1712,1713,1712,1713,451,18301,25972
20230630,958,1711,1713,1711,1712,523,18283,25539
20230630,957,1711,1711,1711,1711,1,18192,25107
20230630,956,1714,1714,1711,1711,1734,18191,25107
20230630,955,1711,1714,1711,1714,271,16457,25107
20230630,954,1711,1713,1711,1711,111,16275,25018
20230630,953,1715,1715,1711,1714,203,16264,24918
20230630,952,1715,1715,1715,1715,1,16261,24718
20230630,950,1711,1715,1711,1715,482,16261,24717
20230630,949,1711,1711,1711,1711,194,16162,24334
20230630,948,1711,1713,1710,1711,256,15968,24334
20230630,947,1713,1713,1712,1713,191,15804,24242
20230630,945,1714,1714,1714,1714,23,15804,24051
20230630,944,1715,1715,1715,1715,24,15804,24028
20230630,943,1705,1715,1705,1715,1460,15804,24004
20230630,942,1706,1706,1705,1705,2348,15804,22544
20230630,941,1713,1713,1707,1707,4320,14114,21886
20230630,940,1714,1715,1714,1715,383,11474,20206
20230630,939,1707,1716,1707,1716,32,11474,19823
20230630,938,1717,1717,1717,1717,62,11446,19819
20230630,937,1717,1717,1717,1717,1,11446,19757
20230630,936,1718,1718,1718,1718,2,11446,19756
20230630,935,1718,1718,1718,1718,295,11446,19754
20230630,934,1707,1718,1707,1718,1179,11446,19459
20230630,933,1709,1709,1709,1709,364,10852,18874
20230630,931,1708,1709,1707,1709,130,10489,18873
20230630,930,1706,1707,1706,1707,21,10381,18851
20230630,929,1704,1706,1704,1706,23,10381,18830
20230630,928,1712,1712,1702,1702,37,10381,18807
20230630,926,1702,1702,1702,1702,86,10373,18778
20230630,925,1712,1712,1712,1712,16,10287,18778
20230630,924,1712,1712,1712,1712,608,10271,18778
20230630,923,1712,1712,1712,1712,13,10271,18170
20230630,922,1709,1712,1709,1712,442,10271,18157
20230630,921,1712,1712,1708,1708,1023,10021,17965
20230630,920,1716,1716,1710,1710,289,8998,17965
20230630,919,1722,1722,1722,1722,917,8709,17965
20230630,918,1715,1723,1715,1723,4451,8709,17048
20230630,917,1711,1715,1711,1715,806,7496,13810
20230630,916,1709,1711,1709,1711,1866,7490,13010
20230630,915,1705,1709,1705,1709,245,5794,12840
20230630,914,1710,1710,1700,1700,186,5661,12728
20230630,913,1715,1717,1700,1700,674,5558,12645
20230630,912,1719,1719,1700,1715,1023,5555,11974
20230630,911,1723,1723,1705,1720,2221,4695,11811
20230630,910,1725,1725,1712,1723,670,2693,11592
20230630,909,1710,1725,1710,1725,3463,2674,10941
20230630,908,1725,1725,1710,1722,1954,1441,8711
20230630,907,1726,1728,1724,1725,2002,541,7657
20230630,906,1719,1729,1706,1727,272,541,5655
20230630,904,1710,1730,1700,1700,480,535,5389
20230630,903,1700,1700,1700,1700,830,82,5362
20230630,902,1683,1700,1683,1700,728,22,4592
20230630,901,1680,1691,1680,1691,3915,21,3865
20230629,1530,1700,1700,1700,1700,3988,108106,178724
20230629,1520,1710,1710,1707,1710,1136,108106,174743
20230629,1519,1710,1710,1708,1710,312,107971,173742
20230629,1518,1714,1714,1709,1710,1836,107667,173734
20230629,1517,1711,1716,1711,1716,3481,105977,173588
20230629,1516,1710,1710,1709,1710,1871,105977,170107
20230629,1515,1710,1712,1709,1709,3124,105577,168636
20230629,1514,1711,1712,1710,1710,3084,103348,167741
20230629,1513,1708,1711,1708,1711,38,102304,165701
20230629,1512,1705,1708,1704,1708,2314,102304,165663
20230629,1511,1706,1706,1704,1704,823,101907,163746
20230629,1510,1699,1704,1698,1704,3261,101120,163710
20230629,1509,1696,1700,1692,1693,10802,101071,160498
20230629,1508,1691,1695,1691,1695,6499,100885,149882
20230629,1507,1691,1691,1691,1691,440,100017,144251
20230629,1506,1690,1692,1690,1692,881,99581,144247
20230629,1505,1679,1691,1679,1691,3996,99579,143368
20230629,1504,1682,1689,1682,1689,1780,99577,139374
20230629,1503,1683,1683,1676,1676,301,99577,137594
20230629,1458,1688,1688,1686,1686,1237,99276,137594
20230629,1457,1687,1689,1687,1689,602,98039,137594
20230629,1455,1686,1686,1686,1686,1,97974,137057
20230629,1454,1683,1684,1683,1684,2,97974,137056
20230629,1452,1681,1687,1681,1682,273,97972,137056
20230629,1451,1680,1680,1680,1680,1,97700,137055
20230629,1450,1678,1678,1678,1678,1,97699,137055
20230629,1449,1686,1687,1677,1677,951,97698,137055
20230629,1448,1676,1687,1676,1687,68,96834,136968
20230629,1447,1676,1676,1676,1676,253,96830,136904
20230629,1445,1676,1676,1676,1676,2028,96577,136904
20230629,1444,1686,1686,1686,1686,1,94549,136904
20230629,1443,1686,1686,1676,1676,503,94549,136903
20230629,1441,1686,1687,1686,1687,951,94049,136900
20230629,1439,1676,1676,1676,1676,1000,94049,135949
20230629,1438,1685,1685,1685,1685,65,93049,135949
20230629,1436,1679,1686,1675,1686,5509,93049,135884
20230629,1433,1678,1686,1678,1686,2,87591,135833
20230629,1432,1681,1687,1680,1687,1250,87590,135832
20230629,1431,1681,1681,1681,1681,667,87293,134879
20230629,1428,1686,1687,1686,1687,65,86626,134879
20230629,1427,1686,1687,1686,1687,512,86626,134814
20230629,1426,1680,1681,1680,1681,1920,86626,134302
20230629,1424,1681,1681,1681,1681,1731,85098,133910
20230629,1423,1681,1681,1681,1681,1,85098,132179
20230629,1419,1688,1688,1688,1688,120,85097,132179
20230629,1418,1687,1688,1687,1688,65,85097,132059
20230629,1416,1687,1688,1687,1688,951,85097,131994
20230629,1413,1686,1688,1686,1688,104,85097,131043
20230629,1409,1687,1688,1677,1677,3437,85097,130939
20230629,1408,1680,1687,1680,1687,3790,81661,130938
20230629,1407,1678,1682,1678,1682,572,81036,127773
20230629,1406,1678,1682,1678,1682,37,81017,127220
20230629,1405,1678,1678,1678,1678,4,81016,127184
20230629,1403,1677,1677,1677,1677,1,81016,127180
20230629,1402,1677,1677,1677,1677,9,81015,127180
20230629,1401,1678,1678,1678,1678,41,81006,127180
20230629,1400,1679,1680,1679,1680,951,80968,127177
20230629,1359,1677,1677,1677,1677,1,80968,126226
20230629,1358,1678,1680,1678,1680,65,80967,126226
20230629,1356,1679,1680,1677,1677,1001,80967,126161
20230629,1351,1679,1680,1679,1680,951,80966,125161
20230629,1348,1680,1680,1680,1680,65,80966,124210
20230629,1346,1680,1680,1680,1680,124,80966,124145
20230629,1345,1680,1680,1680,1680,38,80842,124145
20230629,1344,1685,1685,1680,1680,438,80804,124145
20230629,1343,1680,1685,1680,1685,602,80366,124145
20230629,1341,1680,1681,1680,1681,19,80266,123643
20230629,1340,1680,1680,1680,1680,2,80248,123642
20230629,1339,1686,1686,1681,1681,501,80246,123642
20230629,1338,1686,1686,1686,1686,65,79746,123641
20230629,1336,1685,1685,1685,1685,744,79746,123576
20230629,1335,1684,1686,1684,1686,208,79002,123576
20230629,1331,1686,1686,1686,1686,152,79000,123370
20230629,1330,1686,1686,1686,1686,127,78848,123370
20230629,1329,1687,1687,1687,1687,6,78728,123363
20230629,1328,1687,1687,1687,1687,65,78728,123357
20230629,1327,1687,1687,1687,1687,1033,78728,123292
20230629,1326,1680,1680,1675,1675,220,78728,122259
20230629,1324,1686,1686,1686,1686,46,78508,122259
20230629,1323,1686,1686,1686,1686,1,78471,122250
20230629,1322,1687,1687,1687,1687,1,78470,122250
20230629,1321,1686,1687,1686,1687,2,78470,122249
20230629,1320,1680,1680,1680,1680,1,78469,122248
20230629,1319,1687,1687,1680,1680,971,78468,122248
20230629,1318,1688,1688,1686,1687,212,78467,121278
20230629,1317,1690,1690,1687,1687,16,78325,121208
20230629,1315,1691,1691,1690,1690,346,78310,121207
20230629,1314,1691,1691,1690,1690,21,78308,120863
20230629,1313,1691,1691,1691,1691,3,78307,120843
20230629,1312,1685,1691,1685,1691,3567,78307,120840
20230629,1311,1684,1686,1673,1686,4017,75454,120126
20230629,1310,1687,1687,1681,1685,1110,75322,116241
20230629,1308,1689,1690,1688,1688,902,75317,115136
20230629,1307,1691,1691,1690,1690,894,75316,114235
20230629,1306,1690,1691,1690,1690,515,74423,114234
20230629,1305,1690,1690,1690,1690,1134,73911,114231
20230629,1304,1689,1690,1689,1690,255,73868,113140
20230629,1303,1687,1690,1687,1690,853,73868,112885
20230629,1302,1685,1687,1685,1687,954,73823,112077
20230629,1300,1683,1683,1683,1683,20,72874,112072
20230629,1259,1683,1683,1683,1683,741,72874,112052
20230629,1258,1684,1684,1683,1683,40,72143,112042
20230629,1257,1684,1684,1684,1684,286,72103,112042
20230629,1256,1694,1694,1694,1694,850,71817,112042
20230629,1255,1682,1695,1681,1694,7922,71817,111192
20230629,1254,1680,1682,1680,1682,811,66627,108460
20230629,1253,1679,1680,1678,1680,5514,66627,107649
20230629,1252,1678,1679,1678,1679,182,66627,102135
20230629,1250,1677,1679,1677,1679,14,66627,101953
20230629,1249,1679,1679,1679,1679,1,66627,101939
20230629,1248,1678,1678,1678,1678,1,66627,101938
20230629,1247,1677,1680,1673,1673,4201,66626,101938
20230629,1246,1672,1677,1667,1677,4716,66394,97969
20230629,1245,1667,1672,1666,1672,4589,66088,93559
20230629,1244,1667,1667,1667,1667,13,65907,89151
20230629,1243,1667,1669,1667,1667,23,65894,89151
20230629,1242,1667,1667,1667,1667,67,65874,89148
20230629,1239,1667,1667,1667,1667,16,65872,89083
20230629,1237,1665,1666,1665,1666,895,65872,89067
20230629,1234,1664,1664,1664,1664,12,65872,88172
20230629,1233,1664,1664,1664,1664,719,65872,88160
20230629,1232,1667,1667,1666,1666,216,65153,88160
20230629,1231,1667,1667,1667,1667,138,64998,88099
20230629,1230,1667,1667,1666,1666,328,64998,87961
20230629,1229,1669,1670,1669,1670,951,64716,87915
20230629,1227,1669,1669,1669,1669,18,64716,86964
20230629,1225,1670,1670,1670,1670,5,64716,86946
20230629,1224,1667,1670,1667,1670,1547,64716,86941
20230629,1223,1665,1667,1665,1667,2235,64716,85394
20230629,1222,1665,1665,1665,1665,1,64716,83159
20230629,1221,1657,1664,1657,1664,580,64716,83158
20230629,1220,1662,1662,1657,1657,17,64450,82844
20230629,1216,1663,1663,1663,1663,21,64449,82828
20230629,1215,1653,1662,1653,1662,2085,64449,82807
20230629,1213,1660,1662,1652,1652,1420,64448,80723
20230629,1205,1662,1663,1662,1662,1634,63448,80303
20230629,1203,1659,1662,1641,1662,7391,62607,79510
20230629,1202,1662,1662,1662,1662,1,55224,79502
20230629,1201,1660,1660,1660,1660,267,55224,79501
20230629,1159,1664,1664,1664,1664,7,54957,79501
20230629,1157,1664,1664,1664,1664,698,54951,79500
20230629,1156,1662,1664,1662,1664,503,54253,79500
20230629,1152,1662,1662,1662,1662,10,54003,79247
20230629,1151,1662,1662,1662,1662,297,53993,79247
20230629,1150,1664,1664,1664,1664,1,53696,79247
20230629,1149,1664,1664,1664,1664,1,53696,79246
20230629,1148,1661,1662,1661,1662,473,53696,79245
20230629,1147,1660,1660,1660,1660,10,53696,78772
20230629,1146,1661,1661,1661,1661,4,53686,78772
20230629,1145,1661,1661,1661,1661,4,53686,78768
20230629,1144,1660,1660,1660,1660,42,53682,78768
20230629,1143,1663,1665,1663,1665,474,53640,78768
20230629,1142,1663,1663,1663,1663,230,53640,78294
20230629,1141,1663,1663,1663,1663,500,53410,78294
20230629,1140,1662,1663,1662,1663,281,52910,78294
20230629,1139,1659,1659,1659,1659,41,52900,78023
20230629,1135,1662,1662,1662,1662,230,52859,78023
20230629,1133,1662,1662,1662,1662,143,52829,77823
20230629,1132,1661,1662,1661,1662,918,52736,77773
20230629,1131,1661,1661,1661,1661,104,52736,76855
20230629,1129,1661,1661,1661,1661,217,52736,76751
20230629,1126,1662,1662,1662,1662,297,52736,76534
20230629,1125,1662,1662,1662,1662,1195,52736,76237
20230629,1124,1669,1670,1668,1668,1125,51541,76237
20230629,1123,1668,1669,1668,1668,1083,51367,75286
20230629,1122,1669,1669,1668,1669,142,50336,75234
20230629,1121,1662,1668,1662,1668,1140,50335,75093
20230629,1120,1665,1670,1665,1668,2599,50321,73967
20230629,1119,1656,1661,1656,1661,5182,48321,73368
20230629,1118,1658,1658,1658,1658,1,48319,68188
20230629,1117,1656,1658,1656,1658,1115,48319,68187
20230629,1116,1650,1656,1650,1656,1047,48077,67314
20230629,1115,1647,1650,1647,1650,1131,48067,66277
20230629,1114,1642,1646,1642,1646,4956,48067,65146
20230629,1113,1642,1643,1642,1643,14,48067,60190
20230629,1111,1642,1642,1642,1642,107,48067,60176
20230629,1110,1641,1641,1641,1641,877,48067,60069
20230629,1108,1638,1638,1638,1638,1000,48062,59197
20230629,1107,1639,1640,1639,1640,951,47062,59197
20230629,1106,1638,1638,1638,1638,9681,46129,59179
20230629,1059,1638,1638,1638,1638,951,37565,58062
20230629,1051,1638,1638,1638,1638,951,37565,57111
20230629,1050,1638,1638,1638,1638,3,37565,56160
20230629,1049,1638,1638,1638,1638,20,37565,56157
20230629,1048,1637,1638,1637,1638,2971,37565,56137
20230629,1047,1638,1638,1638,1638,1,37565,53166
20230629,1046,1627,1627,1627,1627,500,37565,53165
20230629,1045,1638,1638,1638,1638,777,37065,53165
20230629,1043,1637,1638,1637,1638,13165,37065,52388
20230629,1042,1627,1627,1627,1627,161,37065,39223
20230629,1040,1630,1630,1627,1627,700,36904,39223
20230629,1035,1637,1638,1637,1638,881,36204,39223
20230629,1031,1629,1629,1627,1627,3822,36204,38342
20230629,1030,1638,1638,1638,1638,10,32382,38342
20230629,1029,1638,1638,1638,1638,500,32382,38332
20230629,1028,1637,1638,1637,1638,1686,32382,37832
20230629,1026,1637,1637,1637,1637,30,32382,36146
20230629,1023,1638,1638,1638,1638,500,32382,36116
20230629,1022,1638,1638,1638,1638,2473,32382,35616
20230629,1021,1637,1638,1637,1638,881,32382,33143
20230629,1018,1638,1638,1638,1638,2,32382,32262
20230629,1017,1637,1638,1637,1638,233,32382,32260
20230629,1015,1627,1635,1627,1635,6205,32382,32027
20230629,1013,1623,1628,1622,1628,1759,31067,27137
20230629,1012,1626,1626,1623,1623,3366,29312,27133
20230629,1011,1628,1628,1628,1628,59,25946,27133
20230629,1010,1628,1628,1628,1628,26,25887,27133
20230629,1008,1629,1634,1628,1634,1207,25861,27133
20230629,1007,1629,1629,1629,1629,1,25749,26038
20230629,1005,1634,1634,1629,1629,206,25749,26037
20230629,1004,1634,1634,1631,1631,523,25545,26035
20230629,1003,1634,1634,1634,1634,114,25045,26012
20230629,1002,1631,1635,1631,1635,881,25041,25902
20230629,1001,1631,1631,1631,1631,20,25041,25021
20230629,959,1635,1635,1635,1635,43,25021,25021
20230629,957,1635,1635,1635,1635,242,24978,25021
20230629,956,1638,1638,1638,1638,1,24736,25021
20230629,955,1637,1638,1637,1638,931,24736,25020
20230629,954,1638,1638,1638,1638,358,24686,24139
20230629,952,1642,1642,1642,1642,44,24328,24139
20230629,951,1640,1642,1640,1642,23,24328,24095
20230629,949,1639,1641,1639,1641,881,24328,24072
20230629,948,1635,1635,1635,1635,1,23458,24061
20230629,946,1639,1639,1639,1639,24,23457,24061
20230629,945,1638,1639,1625,1639,143,23457,24037
20230629,944,1641,1641,1639,1639,134,23338,24013
20230629,943,1644,1644,1644,1644,110,23204,24013
20230629,942,1644,1644,1644,1644,883,23204,23903
20230629,941,1644,1644,1644,1644,48,23204,23020
20230629,938,1643,1644,1643,1644,156,23204,22972
20230629,937,1641,1641,1639,1639,4,23204,22816
20230629,936,1642,1644,1642,1643,884,23200,22816
20230629,934,1635,1635,1620,1620,5400,22647,22485
20230629,933,1644,1646,1644,1645,1249,17247,22485
20230629,932,1644,1644,1644,1644,5,17017,21466
20230629,931,1633,1645,1633,1645,900,17017,21461
20230629,930,1633,1633,1633,1633,74,17017,20561
20230629,929,1633,1633,1633,1633,80,16998,20506
20230629,928,1633,1633,1633,1633,800,16998,20426
20230629,927,1629,1631,1629,1631,4374,16998,19626
20230629,926,1629,1629,1629,1629,822,16998,15252
20230629,925,1629,1629,1629,1629,29,16998,14430
20230629,924,1629,1629,1629,1629,1,16998,14401
20230629,923,1622,1622,1622,1622,215,16998,14400
20230629,922,1627,1629,1621,1629,799,16790,14393
20230629,921,1632,1632,1622,1622,2616,16288,14096
20230629,920,1633,1633,1632,1632,40,14026,13742
20230629,919,1640,1640,1633,1633,3292,13996,13732
20230629,918,1644,1644,1640,1640,781,11869,12567
20230629,917,1645,1645,1645,1645,26,11088,12567
20230629,915,1646,1646,1646,1646,302,11088,12541
20230629,914,1646,1646,1646,1646,300,11088,12239
20230629,913,1645,1645,1645,1645,10,11088,11939
20230629,912,1646,1646,1646,1646,932,11078,11939
20230629,909,1646,1646,1646,1646,5,11078,11007
20230629,908,1637,1646,1637,1646,1992,11078,11002
20230629,907,1638,1638,1638,1638,556,10993,9095
20230629,906,1639,1641,1638,1638,3109,10921,8611
20230629,905,1642,1642,1639,1639,1629,10866,5557
20230629,904,1642,1642,1642,1642,239,9548,5246
20230629,903,1645,1646,1642,1642,5570,9409,5146
20230629,902,1646,1646,1646,1646,2162,4632,4353
20230629,901,1650,1650,1646,1646,6823,2520,4303
20230628,1530,1650,1650,1650,1650,6839,72394,38188
20230628,1519,1657,1657,1657,1657,9,72394,34572
20230628,1517,1651,1658,1651,1658,2001,72394,34563
20230628,1515,1651,1651,1651,1651,250,70394,34562
20230628,1512,1658,1658,1658,1658,1,70144,34562
20230628,1511,1650,1650,1650,1650,1000,70144,34561
20230628,1510,1658,1658,1650,1650,3001,69144,34561
20230628,1509,1655,1657,1654,1657,398,66144,34560
20230628,1508,1655,1655,1655,1655,60,65746,34560
20230628,1507,1656,1656,1656,1656,16,65686,34560
20230628,1504,1658,1658,1658,1658,1,65670,34560
20230628,1503,1656,1656,1656,1656,17,65670,34559
20230628,1502,1657,1657,1656,1656,67,65653,34559
20230628,1501,1658,1658,1658,1658,1,65586,34559
20230628,1500,1655,1655,1653,1653,1117,65586,34558
20230628,1459,1655,1655,1655,1655,50,64469,34558
20230628,1454,1659,1659,1659,1659,8,64419,34558
20230628,1451,1659,1659,1659,1659,300,64419,34550
20230628,1450,1659,1659,1659,1659,66,64283,34386
20230628,1448,1653,1653,1653,1653,52,64283,34320
20230628,1444,1653,1653,1653,1653,207,64231,34320
20230628,1442,1658,1658,1658,1658,1,64024,34320
20230628,1440,1657,1657,1657,1657,1178,64024,34319
20230628,1438,1653,1653,1653,1653,51,64024,33141
20230628,1437,1654,1654,1654,1654,50,63973,33141
20230628,1436,1655,1655,1655,1655,1,63923,33141
20230628,1435,1657,1657,1652,1656,4,63922,33141
20230628,1434,1658,1658,1658,1658,1,63920,33139
20230628,1433,1659,1659,1652,1652,2836,63920,33138
20230628,1432,1653,1653,1653,1653,120,61087,33135
20230628,1431,1653,1653,1653,1653,1,60967,33135
20230628,1430,1655,1655,1654,1654,68,60967,33134
20230628,1429,1653,1653,1653,1653,652,60967,33066
20230628,1428,1652,1652,1652,1652,3,60315,33066
20230628,1427,1652,1652,1652,1652,2,60312,33066
20230628,1426,1657,1657,1653,1653,140,60310,33066
20230628,1425,1653,1653,1652,1653,296,60172,33064
20230628,1424,1654,1654,1654,1654,2,59876,33064
20230628,1423,1658,1658,1658,1658,1,59874,33064
20230628,1422,1659,1659,1659,1659,1,59874,33063
20230628,1421,1660,1660,1660,1660,1,59874,33062
20230628,1420,1657,1662,1656,1662,67,59874,33061
20230628,1419,1658,1658,1658,1658,1,59874,32994
20230628,1418,1659,1659,1659,1659,1,59874,32993
20230628,1416,1652,1652,1652,1652,29,59874,32992
20230628,1413,1661,1661,1661,1661,1,59845,32992
20230628,1412,1653,1653,1652,1652,1040,59845,32991
20230628,1411,1654,1654,1654,1654,322,58805,32991
20230628,1410,1663,1663,1663,1663,67,58483,32991
20230628,1408,1654,1654,1654,1654,300,58483,32924
20230628,1407,1654,1654,1654,1654,23,58483,32624
20230628,1406,1665,1665,1665,1665,1,58460,32624
20230628,1402,1665,1665,1665,1665,23,58460,32623
20230628,1400,1660,1665,1660,1665,314,58460,32600
20230628,1352,1660,1660,1660,1660,20,58351,32395
20230628,1350,1660,1660,1660,1660,66,58351,32375
20230628,1348,1656,1656,1652,1652,4659,58351,32309
20230628,1346,1660,1660,1656,1656,106,53692,32309
20230628,1344,1656,1656,1656,1656,84,53592,32303
20230628,1343,1664,1664,1664,1664,60,53508,32303
20230628,1341,1662,1662,1662,1662,21,53508,32243
20230628,1340,1664,1664,1663,1663,67,53487,32243
20230628,1333,1664,1664,1664,1664,476,53486,32177
20230628,1332,1664,1664,1664,1664,56,53486,31701
20230628,1331,1656,1664,1656,1664,531,53486,31645
20230628,1330,1664,1664,1664,1664,67,52986,31614
20230628,1329,1657,1657,1657,1657,55,52986,31547
20230628,1328,1660,1665,1656,1665,502,52931,31547
20230628,1327,1662,1665,1660,1665,505,52430,31546
20230628,1326,1665,1665,1665,1665,1,51926,31545
20230628,1324,1665,1666,1663,1663,121,51926,31544
20230628,1320,1665,1666,1665,1666,186,51865,31484
20230628,1319,1665,1665,1665,1665,114,51755,31408
20230628,1313,1663,1663,1663,1663,120,51647,31402
20230628,1312,1664,1664,1663,1663,2,51527,31402
20230628,1311,1665,1665,1664,1664,2,51525,31402
20230628,1310,1662,1665,1662,1665,2,51524,31401
20230628,1309,1665,1665,1663,1663,4,51523,31400
20230628,1308,1665,1666,1665,1666,66,51521,31398
20230628,1306,1658,1658,1658,1658,230,51521,31332
20230628,1305,1659,1659,1659,1659,10,51291,31332
20230628,1303,1660,1665,1659,1665,212,51281,31332
20230628,1300,1665,1665,1665,1665,1,51070,31331
20230628,1259,1661,1665,1660,1664,1002,51070,31330
20230628,1256,1666,1666,1666,1666,1,50069,31329
20230628,1255,1666,1666,1661,1661,2,50069,31328
20230628,1254,1664,1664,1661,1661,5,50068,31327
20230628,1251,1662,1666,1662,1666,5,50064,31326
20230628,1250,1661,1661,1661,1661,2282,50064,31321
20230628,1249,1660,1661,1660,1661,2270,50064,29039
20230628,1248,1660,1660,1660,1660,129,47799,29034
20230628,1247,1660,1660,1660,1660,17,47799,28905
20230628,1246,1660,1660,1660,1660,10,47799,28888
20230628,1245,1660,1660,1660,1660,7,47799,28878
20230628,1244,1660,1660,1660,1660,10,47799,28871
20230628,1243,1660,1660,1660,1660,98,47799,28861
20230628,1242,1661,1661,1660,1660,1230,47799,28763
20230628,1239,1660,1660,1660,1660,20,46571,28761
20230628,1238,1661,1661,1660,1660,25,46551,28761
20230628,1237,1659,1660,1659,1660,216,46531,28756
20230628,1236,1659,1659,1659,1659,100,46531,28540
20230628,1230,1659,1659,1659,1659,2100,46531,28440
20230628,1229,1659,1659,1659,1659,200,46531,26340
20230628,1226,1659,1659,1659,1659,1,46531,26140
20230628,1225,1657,1657,1657,1657,1602,46531,26139
20230628,1223,1657,1657,1657,1657,16,46531,24537
20230628,1222,1657,1657,1657,1657,68,46531,24521
20230628,1221,1656,1657,1656,1657,6,46531,24453
20230628,1220,1657,1657,1657,1657,2,46528,24450
20230628,1219,1656,1656,1656,1656,146,46528,24448
20230628,1218,1656,1656,1656,1656,14,46467,24363
20230628,1216,1656,1656,1656,1656,1,46467,24349
20230628,1215,1655,1655,1655,1655,3,46467,24348
20230628,1214,1654,1655,1654,1655,2,46467,24345
20230628,1205,1653,1653,1652,1652,2200,46466,24344
20230628,1200,1653,1653,1652,1652,767,44266,24344
20230628,1159,1653,1653,1653,1653,594,43499,24344
20230628,1158,1653,1653,1653,1653,406,43499,23750
20230628,1156,1653,1653,1653,1653,210,43093,23750
20230628,1155,1656,1656,1656,1656,80,42883,23750
20230628,1152,1657,1657,1657,1657,100,42883,23670
20230628,1149,1657,1657,1657,1657,20,42883,23570
20230628,1148,1657,1657,1657,1657,30,42883,23550
20230628,1146,1652,1652,1652,1652,10,42883,23520
20230628,1140,1654,1654,1650,1650,1797,42875,23518
20230628,1136,1655,1655,1655,1655,2,41078,23518
20230628,1133,1656,1657,1656,1657,100,41078,23516
20230628,1132,1656,1656,1656,1656,1,41078,23416
20230628,1129,1657,1657,1657,1657,98,41078,23415
20230628,1127,1657,1657,1657,1657,50,41078,23317
20230628,1123,1650,1650,1650,1650,140,41078,23267
20230628,1122,1656,1656,1650,1650,4033,40938,23267
20230628,1120,1655,1655,1655,1655,20,37423,22749
20230628,1119,1655,1655,1655,1655,1,37403,22749
20230628,1116,1657,1657,1657,1657,10,37402,22749
20230628,1115,1657,1657,1657,1657,1596,37392,22749
20230628,1114,1657,1657,1657,1657,20,35796,22749
20230628,1113,1657,1657,1657,1657,40,35776,22749
20230628,1112,1657,1657,1657,1657,70,35736,22749
20230628,1111,1657,1657,1657,1657,30,35666,22749
20230628,1109,1661,1661,1661,1661,20,35636,22749
20230628,1108,1661,1661,1661,1661,23,35636,22729
20230628,1106,1661,1661,1661,1661,60,35636,22706
20230628,1105,1661,1661,1661,1661,1,35636,22646
20230628,1100,1663,1663,1652,1662,112,35636,22645
20230628,1055,1666,1666,1666,1666,50,35526,22643
20230628,1053,1657,1666,1650,1666,7858,35526,22593
20230628,1052,1667,1667,1667,1667,1,27669,22592
20230628,1049,1668,1668,1668,1668,52,27669,22591
20230628,1048,1667,1667,1667,1667,8,27669,22539
20230628,1046,1657,1657,1654,1654,5653,27669,22531
20230628,1045,1657,1658,1657,1657,1052,22016,22531
20230628,1044,1659,1659,1658,1658,1825,20964,22531
20230628,1043,1661,1661,1660,1660,1197,19142,22528
20230628,1041,1667,1667,1661,1661,101,17945,22528
20230628,1039,1667,1667,1667,1667,67,17844,22528
20230628,1037,1667,1667,1667,1667,2,17844,22461
20230628,1036,1661,1661,1660,1660,1000,17844,22459
20230628,1032,1661,1661,1661,1661,62,16844,22459
20230628,1027,1662,1668,1660,1668,662,16782,22459
20230628,1025,1668,1668,1668,1668,1,16146,22433
20230628,1024,1665,1668,1660,1667,384,16146,22432
20230628,1023,1665,1665,1665,1665,1,15763,22431
20230628,1022,1660,1668,1660,1668,1069,15762,22431
20230628,1021,1668,1668,1668,1668,2,15614,21510
20230628,1020,1664,1664,1660,1660,609,15614,21508
20230628,1019,1664,1664,1664,1664,129,15005,21508
20230628,1018,1668,1668,1665,1665,251,14876,21508
20230628,1015,1669,1669,1669,1669,13,14628,21505
20230628,1014,1668,1669,1668,1669,6,14628,21492
20230628,1013,1667,1668,1666,1668,1129,14628,21486
20230628,1012,1667,1667,1667,1667,2000,14538,20447
20230628,1011,1667,1667,1667,1667,6,14538,18447
20230628,1010,1668,1668,1668,1668,1,14532,18447
20230628,1009,1669,1669,1669,1669,1292,14531,18447
20230628,1005,1670,1670,1669,1669,111,13239,18447
20230628,1004,1671,1671,1670,1670,34,13138,18437
20230628,1003,1672,1672,1672,1672,1,13104,18437
20230628,1002,1674,1674,1673,1673,976,13103,18437
20230628,1001,1675,1675,1675,1675,1,12227,18337
20230628,958,1679,1679,1675,1675,2144,12227,18336
20230628,957,1679,1679,1678,1679,1601,10084,18335
20230628,956,1680,1680,1680,1680,1,10084,16734
20230628,955,1681,1682,1681,1682,3,10084,16733
20230628,954,1682,1682,1682,1682,25,10084,16730
20230628,953,1683,1683,1683,1683,1,10084,16705
20230628,952,1674,1674,1674,1674,100,10084,16704
20230628,950,1684,1684,1684,1684,1,9984,16704
20230628,949,1673,1674,1673,1674,976,9984,16703
20230628,946,1674,1674,1674,1674,4598,9974,15737
20230628,945,1674,1674,1674,1674,305,5377,15736
20230628,944,1675,1675,1674,1674,207,5377,15431
20230628,942,1678,1678,1674,1674,103,5170,15431
20230628,940,1681,1681,1680,1680,120,5070,15428
20230628,938,1684,1684,1684,1684,50,4950,15428
20230628,937,1680,1684,1680,1684,22,4950,15378
20230628,936,1680,1685,1680,1685,3318,4940,15366
20230628,935,1682,1682,1680,1680,267,4531,12457
20230628,934,1678,1682,1678,1682,421,4265,12456
20230628,933,1678,1678,1678,1678,3,4265,12035
20230628,932,1678,1678,1678,1678,16,4265,12032
20230628,931,1678,1678,1678,1678,101,4265,12016
20230628,928,1678,1678,1673,1673,502,4265,11915
20230628,925,1677,1677,1677,1677,1665,4264,11414
20230628,924,1677,1678,1673,1678,1060,2599,11414
20230628,923,1678,1678,1678,1678,1,2498,10455
20230628,921,1678,1678,1678,1678,1,2498,10454
20230628,920,1681,1681,1678,1678,6,2498,10453
20230628,917,1681,1682,1681,1682,6,2497,10448
20230628,915,1680,1683,1673,1681,711,2497,10442
20230628,914,1670,1683,1670,1683,3470,2441,9787
20230628,913,1673,1673,1664,1665,386,2440,6318
20230628,912,1673,1673,1673,1673,1,2145,6227
20230628,911,1673,1673,1672,1673,6,2145,6226
20230628,910,1673,1673,1673,1673,17,2145,6220
20230628,909,1671,1673,1670,1673,43,2145,6203
20230628,908,1667,1671,1667,1671,3165,2115,6190
20230628,907,1667,1669,1662,1669,105,2068,3072
20230628,906,1669,1669,1669,1669,1,1967,3068
20230628,905,1671,1671,1670,1670,10,1967,3067
20230628,904,1672,1673,1660,1670,663,1958,3066
20230628,903,1673,1673,1657,1673,832,1400,2961
20230628,902,1671,1672,1660,1672,600,575,2954
20230628,901,1673,1673,1671,1671,2929,44,2885
20230627,1530,1673,1673,1673,1673,3871,144066,105158
20230627,1520,1670,1675,1670,1675,1397,144066,101408
20230627,1519,1667,1670,1667,1670,148,143888,100189
20230627,1518,1666,1670,1666,1669,885,143814,100115
20230627,1517,1666,1666,1665,1666,5,143742,99302
20230627,1516,1659,1666,1659,1666,1108,143742,99297
20230627,1515,1659,1659,1659,1659,29,143342,98589
20230627,1514,1659,1659,1659,1659,2,143342,98560
20230627,1513,1658,1659,1652,1659,1302,143342,98558
20230627,1512,1660,1660,1659,1659,96,142151,98447
20230627,1511,1661,1661,1661,1661,47,142055,98447
20230627,1509,1662,1662,1661,1661,11,142008,98447
20230627,1508,1662,1662,1662,1662,1,142007,98437
20230627,1507,1661,1662,1660,1662,21,142007,98436
20230627,1506,1662,1663,1661,1663,24,141987,98435
20230627,1505,1663,1663,1663,1663,20,141967,98431
20230627,1504,1664,1664,1664,1664,302,141967,98411
20230627,1503,1665,1666,1665,1666,7,141967,98109
20230627,1502,1653,1666,1651,1666,4191,141962,98107
20230627,1501,1654,1665,1653,1653,161,138100,97778
20230627,1500,1655,1655,1651,1651,2025,137959,97758
20230627,1459,1655,1655,1655,1655,1813,136596,97096
20230627,1458,1660,1660,1660,1660,50,134783,97096
20230627,1457,1660,1666,1660,1666,180,134733,97096
20230627,1456,1660,1660,1660,1660,5,134583,97066
20230627,1455,1666,1667,1655,1667,105,134578,97066
20230627,1454,1658,1666,1658,1666,4202,134543,96996
20230627,1453,1654,1654,1654,1654,4,134543,92794
20230627,1452,1655,1655,1654,1654,119,134539,92794
20230627,1450,1665,1665,1665,1665,66,134420,92794
20230627,1449,1666,1666,1655,1655,78,134420,92728
20230627,1448,1656,1667,1656,1667,296,134362,92708
20230627,1447,1665,1667,1665,1665,132,134067,92707
20230627,1446,1660,1665,1660,1665,13,134044,92598
20230627,1445,1659,1659,1659,1659,5249,134044,92585
20230627,1444,1659,1659,1659,1659,26786,134044,87336
20230627,1443,1659,1659,1659,1659,120,134044,60550
20230627,1442,1659,1659,1651,1658,112,134044,60430
20230627,1441,1658,1659,1651,1651,7001,133934,60428
20230627,1440,1659,1659,1659,1659,460,133933,53428
20230627,1439,1659,1659,1659,1659,100,133933,52968
20230627,1438,1649,1659,1649,1659,11000,133933,52868
20230627,1436,1646,1646,1645,1645,1000,133933,41868
20230627,1434,1650,1650,1650,1650,100,132933,41868
20230627,1433,1645,1650,1645,1650,6,132933,41768
20230627,1432,1644,1645,1642,1645,1390,132933,41762
20230627,1431,1644,1644,1644,1644,135,131636,41669
20230627,1430,1643,1645,1641,1644,7581,131636,41534
20230627,1429,1644,1645,1644,1644,197,131143,34446
20230627,1428,1645,1645,1644,1645,836,131043,34349
20230627,1427,1645,1645,1645,1645,118,130840,33716
20230627,1426,1648,1648,1645,1646,1284,130796,33642
20230627,1425,1649,1650,1649,1649,353,129513,33641
20230627,1424,1651,1651,1650,1650,7635,129271,33530
20230627,1423,1655,1655,1651,1651,1541,121829,33337
20230627,1422,1652,1655,1652,1655,1178,120388,33237
20230627,1421,1653,1655,1651,1651,1573,120278,32169
20230627,1420,1655,1655,1655,1655,86,118707,32167
20230627,1419,1653,1655,1652,1655,617,118707,32081
20230627,1418,1655,1655,1652,1653,606,118091,32080
20230627,1417,1654,1654,1652,1652,339,117486,32079
20230627,1416,1654,1654,1654,1654,85,117147,32079
20230627,1415,1653,1653,1653,1653,49,117062,32079
20230627,1414,1654,1654,1653,1653,1292,117013,32079
20230627,1413,1655,1655,1654,1655,3438,115721,32079
20230627,1412,1656,1656,1655,1655,111,112310,32052
20230627,1411,1658,1658,1658,1658,31,112199,32052
20230627,1410,1658,1658,1658,1658,66,112199,32021
20230627,1408,1655,1655,1655,1655,12,112199,31955
20230627,1405,1658,1658,1658,1658,149,112187,31955
20230627,1403,1658,1658,1658,1658,1,112187,31806
20230627,1402,1655,1655,1655,1655,111,112187,31805
20230627,1400,1658,1659,1655,1655,165,112076,31805
20230627,1357,1655,1658,1655,1658,15,111977,31739
20230627,1356,1655,1659,1654,1659,1101,111964,31737
20230627,1355,1657,1658,1656,1656,85,110930,31670
20230627,1354,1656,1658,1656,1658,118,110847,31668
20230627,1353,1663,1663,1656,1659,211,110732,31665
20230627,1352,1660,1660,1659,1659,111,110542,31644
20230627,1350,1664,1664,1664,1664,67,110431,31644
20230627,1348,1664,1664,1664,1664,18,110431,31577
20230627,1344,1664,1664,1664,1664,598,110431,31559
20230627,1343,1664,1664,1664,1664,1,110431,30961
20230627,1342,1658,1658,1655,1655,111,110431,30960
20230627,1341,1663,1664,1659,1659,45,110320,30960
20230627,1340,1663,1664,1655,1663,2347,110295,30940
20230627,1338,1660,1663,1657,1663,1261,108120,30768
20230627,1337,1663,1663,1660,1660,40,106920,30707
20230627,1336,1663,1663,1663,1663,5,106910,30677
20230627,1334,1665,1665,1665,1665,14,106910,30672
20230627,1333,1665,1665,1665,1665,10,106910,30658
20230627,1332,1660,1665,1659,1665,112,106910,30648
20230627,1331,1665,1665,1665,1665,165,106799,30647
20230627,1330,1665,1665,1665,1665,100,106799,30482
20230627,1326,1665,1665,1665,1665,1,106799,30382
20230627,1324,1665,1665,1665,1665,10,106799,30381
20230627,1320,1666,1667,1666,1667,67,106799,30371
20230627,1317,1660,1667,1657,1667,201,106799,30304
20230627,1315,1660,1660,1659,1660,212,106698,30204
20230627,1314,1660,1660,1660,1660,1,106585,30105
20230627,1311,1667,1667,1667,1667,1,106585,30104
20230627,1310,1660,1660,1660,1660,522,106585,30103
20230627,1308,1666,1667,1660,1667,12001,106063,30103
20230627,1307,1666,1668,1666,1668,1148,94063,30102
20230627,1304,1666,1666,1666,1666,1,94063,28954
20230627,1302,1666,1666,1666,1666,1,94063,28953
20230627,1300,1664,1666,1664,1666,51,94063,28952
20230627,1259,1666,1666,1666,1666,10,94013,28951
20230627,1258,1666,1666,1666,1666,59,94013,28941
20230627,1257,1666,1666,1666,1666,2,94013,28882
20230627,1256,1667,1667,1667,1667,10,94013,28880
20230627,1255,1667,1667,1667,1667,2,94013,28870
20230627,1254,1667,1667,1664,1664,5,94013,28868
20230627,1253,1667,1667,1667,1667,600,94012,28864
20230627,1252,1667,1667,1667,1667,1,94012,28264
20230627,1251,1667,1667,1667,1667,99,94012,28263
20230627,1250,1667,1667,1667,1667,6,94012,28164
20230627,1249,1667,1667,1667,1667,83,94012,28158
20230627,1248,1666,1667,1664,1664,476,94012,28075
20230627,1247,1666,1666,1666,1666,101,94011,27600
20230627,1244,1666,1666,1666,1666,60,93911,27599
20230627,1241,1667,1667,1666,1666,23,93911,27539
20230627,1240,1666,1666,1666,1666,75,93898,27529
20230627,1238,1661,1661,1661,1661,141,93898,27454
20230627,1234,1662,1662,1660,1660,80,93757,27454
20230627,1232,1667,1667,1660,1660,4736,93677,27454
20230627,1231,1667,1667,1667,1667,17,89142,27253
20230627,1230,1667,1667,1667,1667,2,89142,27236
20230627,1229,1662,1662,1662,1662,2896,89142,27234
20230627,1228,1662,1662,1661,1662,641,89142,24338
20230627,1227,1664,1664,1662,1662,702,89141,23698
20230627,1226,1665,1665,1664,1664,1914,88439,23698
20230627,1223,1664,1665,1664,1665,84,86603,23620
20230627,1222,1665,1665,1665,1665,2,86569,23570
20230627,1221,1665,1665,1664,1665,374,86569,23568
20230627,1220,1667,1667,1667,1667,332,86196,23567
20230627,1218,1667,1667,1667,1667,3,86196,23235
20230627,1217,1667,1667,1667,1667,2,86196,23232
20230627,1216,1665,1665,1665,1665,35,86196,23230
20230627,1215,1666,1667,1665,1665,222,86161,23230
20230627,1214,1667,1667,1666,1666,312,85940,23229
20230627,1213,1668,1668,1668,1668,2,85857,23000
20230627,1212,1669,1669,1669,1669,1,85855,23000
20230627,1211,1670,1670,1670,1670,107,85855,22999
20230627,1210,1670,1670,1670,1670,1,85855,22892
20230627,1209,1661,1661,1661,1661,1,85855,22891
20230627,1207,1670,1670,1670,1670,1,85854,22891
20230627,1204,1669,1670,1660,1670,3017,85854,22890
20230627,1201,1668,1670,1668,1670,96,83264,22463
20230627,1200,1670,1670,1670,1670,1,83263,22368
20230627,1159,1670,1670,1669,1669,1050,83263,22367
20230627,1157,1670,1670,1670,1670,100,82263,22317
20230627,1156,1669,1670,1669,1670,2,82263,22217
20230627,1155,1670,1670,1668,1668,41,82263,22215
20230627,1153,1670,1670,1663,1670,2933,82242,22195
20230627,1152,1673,1675,1671,1674,11116,79363,22141
20230627,1151,1675,1675,1675,1675,10,68279,22109
20230627,1149,1675,1675,1675,1675,1,68279,22099
20230627,1148,1675,1675,1675,1675,388,68279,22098
20230627,1147,1673,1675,1673,1675,150,68279,21710
20230627,1146,1675,1675,1675,1675,1,68266,21573
20230627,1145,1673,1673,1673,1673,463,68266,21572
20230627,1144,1679,1679,1679,1679,1,67803,21572
20230627,1142,1679,1679,1679,1679,2,67803,21571
20230627,1140,1679,1679,1679,1679,1,67803,21569
20230627,1139,1675,1675,1675,1675,889,67803,21568
20230627,1137,1679,1679,1679,1679,1,66914,21568
20230627,1136,1679,1679,1679,1679,1,66914,21567
20230627,1134,1674,1679,1674,1679,574,66914,21566
20230627,1132,1679,1679,1679,1679,1,66341,21565
20230627,1129,1675,1679,1675,1679,9147,66341,21564
20230627,1127,1679,1679,1679,1679,91,57196,21562
20230627,1126,1679,1679,1679,1679,17,57196,21471
20230627,1125,1679,1679,1679,1679,1,57196,21454
20230627,1123,1675,1675,1675,1675,636,57196,21453
20230627,1122,1678,1678,1678,1678,84,56560,21453
20230627,1120,1680,1680,1680,1680,1,56476,21453
20230627,1119,1679,1680,1679,1680,21,56476,21452
20230627,1118,1679,1680,1679,1680,2,56456,21451
20230627,1117,1675,1679,1674,1679,245,56456,21449
20230627,1116,1678,1678,1678,1678,1,56219,21441
20230627,1115,1678,1678,1678,1678,1,56219,21440
20230627,1113,1679,1679,1679,1679,271,56219,21439
20230627,1111,1679,1679,1679,1679,1,56121,21266
20230627,1107,1681,1681,1681,1681,1,56121,21265
20230627,1104,1682,1682,1682,1682,1,56121,21264
20230627,1103,1682,1682,1680,1680,163,56121,21263
20230627,1102,1682,1682,1682,1682,1,56120,21101
20230627,1101,1682,1682,1673,1673,3,56120,21100
20230627,1058,1682,1683,1682,1683,801,56119,21098
20230627,1057,1682,1682,1682,1682,2,55397,21019
20230627,1055,1683,1683,1683,1683,8,55397,21017
20230627,1053,1684,1684,1684,1684,1,55397,21009
20230627,1050,1688,1688,1688,1688,1,55397,21008
20230627,1049,1683,1687,1683,1687,1006,55397,21007
20230627,1048,1683,1683,1683,1683,5,54395,21003
20230627,1047,1683,1683,1683,1683,36,54395,20998
20230627,1046,1685,1685,1672,1672,1544,54395,20962
20230627,1045,1687,1687,1686,1686,2,52852,20961
20230627,1044,1675,1680,1675,1680,307,52852,20959
20230627,1043,1679,1680,1679,1680,16,52850,20654
20230627,1042,1675,1675,1675,1675,153,52850,20638
20230627,1041,1675,1675,1674,1674,47,52850,20485
20230627,1040,1679,1679,1675,1675,347,52804,20484
20230627,1039,1679,1679,1679,1679,117,52458,20483
20230627,1036,1680,1680,1680,1680,100,52458,20366
20230627,1035,1680,1680,1680,1680,20,52458,20266
20230627,1034,1680,1681,1680,1681,38,52438,20266
20230627,1033,1682,1686,1680,1682,425,52402,20264
20230627,1032,1682,1686,1682,1686,1529,52017,20224
20230627,1031,1686,1686,1686,1686,1,50489,20223
20230627,1026,1686,1686,1686,1686,1,50489,20222
20230627,1025,1681,1686,1675,1686,1191,50489,20221
20230627,1023,1686,1686,1686,1686,1154,49299,20220
20230627,1022,1677,1686,1677,1686,14,49299,19066
20230627,1021,1687,1687,1678,1678,29,49286,19065
20230627,1020,1686,1687,1685,1685,6,49259,19063
20230627,1019,1682,1687,1678,1687,1302,49254,19062
20230627,1017,1688,1688,1688,1688,239,47954,19060
20230627,1016,1688,1688,1688,1688,4,47954,18821
20230627,1015,1686,1688,1686,1688,100,47954,18817
20230627,1014,1689,1689,1689,1689,200,47862,18809
20230627,1012,1689,1689,1689,1689,19,47862,18609
20230627,1010,1686,1689,1686,1689,5132,47862,18590
20230627,1009,1681,1686,1681,1686,1344,43034,18286
20230627,1008,1681,1681,1681,1681,39,42908,17068
20230627,1006,1681,1681,1681,1681,1,42908,17029
20230627,1005,1681,1681,1680,1680,50,42908,17028
20230627,1004,1680,1680,1680,1680,5,42859,17027
20230627,1002,1681,1681,1680,1680,17,42854,17027
20230627,1001,1682,1682,1682,1682,21,42837,17027
20230627,1000,1682,1682,1682,1682,2,42837,17006
20230627,959,1680,1682,1680,1682,139,42837,17004
20230627,958,1680,1680,1680,1680,40,42837,16865
20230627,957,1680,1680,1680,1680,2,42837,16825
20230627,955,1680,1680,1680,1680,8,42837,16823
20230627,954,1676,1678,1675,1677,2115,42837,16815
20230627,953,1676,1676,1676,1676,4,41141,16396
20230627,952,1680,1680,1675,1675,186,41137,16396
20230627,951,1680,1681,1677,1677,5466,40952,16395
20230627,950,1682,1682,1680,1680,894,35488,16393
20230627,949,1684,1684,1682,1682,421,34697,16290
20230627,948,1686,1686,1686,1686,10,34284,16282
20230627,947,1686,1686,1686,1686,1,34284,16272
20230627,946,1686,1686,1686,1686,6,34284,16271
20230627,945,1683,1683,1683,1683,102,34284,16265
20230627,944,1686,1686,1684,1684,129,34182,16265
20230627,943,1688,1688,1687,1687,15,34053,16265
20230627,942,1688,1692,1684,1692,1124,34039,16264
20230627,940,1693,1693,1693,1693,1,32916,16263
20230627,939,1692,1692,1687,1687,13,32916,16262
20230627,938,1693,1693,1692,1692,363,32903,16262
20230627,937,1689,1693,1689,1693,560,32770,16032
20230627,935,1685,1689,1685,1689,1319,32249,15993
20230627,934,1689,1689,1689,1689,6,30931,15992
20230627,933,1689,1689,1689,1689,3,30931,15986
20230627,932,1688,1688,1685,1685,3479,30931,15983
20230627,931,1694,1694,1694,1694,52,27452,15983
20230627,930,1689,1689,1689,1689,302,27400,15983
20230627,929,1698,1698,1688,1688,2411,27098,15983
20230627,928,1690,1698,1688,1688,5602,24698,15972
20230627,925,1695,1700,1695,1699,2644,19098,15970
20230627,923,1695,1695,1695,1695,3,19098,13326
20230627,922,1689,1689,1689,1689,300,19098,13323
20230627,921,1692,1692,1689,1689,5518,18798,13323
20230627,920,1694,1698,1692,1692,2150,13280,13323
20230627,919,1693,1693,1692,1692,40,11180,13273
20230627,918,1694,1694,1694,1694,66,11140,13273
20230627,917,1694,1694,1692,1694,2065,11140,13207
20230627,916,1693,1694,1693,1694,486,9138,13144
20230627,915,1698,1699,1694,1694,676,8653,13143
20230627,914,1699,1699,1699,1699,7,8077,13043
20230627,913,1700,1700,1700,1700,52,8077,13036
20230627,912,1696,1700,1696,1700,13,8077,12984
20230627,911,1700,1700,1700,1700,1,8065,12983
20230627,910,1695,1695,1695,1695,60,8065,12982
20230627,909,1704,1706,1695,1702,1078,8005,12982
20230627,908,1707,1707,1704,1704,146,6932,12977
20230627,907,1706,1707,1706,1707,500,6833,12930
20230627,906,1705,1709,1703,1709,3211,6833,12430
20230627,905,1704,1705,1702,1705,3590,6601,9451
20230627,904,1702,1705,1702,1704,354,5107,7355
20230627,903,1700,1702,1700,1702,2,5107,7001
20230627,902,1698,1701,1690,1690,6294,5107,6999
20230627,901,1705,1705,1701,1701,5812,3441,2371
20230626,1530,1688,1688,1688,1688,3932,125442,63438
20230626,1520,1688,1688,1687,1687,136,125442,61274
20230626,1519,1687,1688,1687,1688,132,125411,61169
20230626,1518,1688,1688,1686,1687,846,125411,61037
20230626,1517,1687,1687,1686,1686,31,124861,60741
20230626,1516,1686,1686,1686,1686,31,124830,60741
20230626,1515,1688,1688,1686,1686,731,124799,60741
20230626,1514,1688,1688,1688,1688,5,124174,60635
20230626,1512,1687,1688,1687,1688,1801,124174,60630
20230626,1510,1687,1687,1687,1687,1,122863,60140
20230626,1509,1685,1685,1685,1685,2008,122863,60139
20230626,1508,1687,1687,1685,1685,33,120855,60139
20230626,1507,1685,1685,1685,1685,223,120823,60138
20230626,1506,1688,1688,1684,1685,11547,120823,59915
20230626,1505,1688,1688,1687,1687,617,109397,59794
20230626,1503,1688,1688,1688,1688,20,109368,59206
20230626,1502,1686,1688,1686,1688,2,109368,59186
20230626,1501,1686,1686,1686,1686,44,109368,59184
20230626,1459,1687,1687,1686,1686,6,109368,59140
20230626,1458,1687,1688,1685,1687,128,109364,59138
20230626,1457,1685,1688,1685,1688,56,109350,59024
20230626,1452,1688,1688,1688,1688,50,109295,59023
20230626,1449,1688,1688,1684,1688,1112,109295,58973
20230626,1447,1688,1688,1688,1688,40,108234,58922
20230626,1446,1688,1688,1688,1688,44,108234,58882
20230626,1444,1687,1688,1687,1688,3,108234,58838
20230626,1443,1686,1688,1685,1688,861,108232,58837
20230626,1442,1687,1687,1686,1687,2005,108201,58007
20230626,1440,1687,1690,1687,1690,732,106197,58006
20230626,1439,1690,1690,1690,1690,1,105466,58005
20230626,1430,1691,1691,1691,1691,165,105466,58004
20230626,1429,1691,1691,1691,1691,1,105466,57839
20230626,1427,1691,1691,1691,1691,101,105466,57838
20230626,1426,1687,1687,1687,1687,19,105466,57737
20230626,1423,1687,1691,1687,1691,2,105447,57737
20230626,1421,1689,1689,1688,1688,2,105446,57736
20230626,1420,1686,1691,1686,1690,565,105444,57736
20230626,1417,1686,1686,1686,1686,140,104911,57704
20230626,1416,1684,1686,1683,1686,277,104911,57564
20230626,1414,1686,1686,1683,1683,694,104811,57387
20230626,1413,1685,1685,1685,1685,1,104120,57384
20230626,1412,1685,1685,1685,1685,1,104119,57384
20230626,1411,1690,1690,1690,1690,1,104118,57384
20230626,1410,1684,1691,1684,1691,4,104118,57383
20230626,1409,1690,1690,1690,1690,85,104115,57382
20230626,1408,1690,1690,1690,1690,838,104030,57382
20230626,1405,1690,1691,1690,1691,57,104030,56544
20230626,1404,1690,1690,1682,1682,3133,104029,56488
20230626,1402,1691,1691,1690,1690,1601,100896,56488
20230626,1401,1692,1693,1691,1691,1550,99295,56488
20230626,1400,1693,1693,1692,1692,110,97748,56485
20230626,1359,1696,1696,1692,1692,927,97670,56453
20230626,1358,1694,1694,1693,1693,2170,96755,56441
20230626,1357,1696,1696,1696,1696,20,94585,56441
20230626,1355,1697,1697,1697,1697,1,94565,56441
20230626,1354,1697,1697,1697,1697,1,94565,56440
20230626,1353,1695,1696,1695,1696,2,94565,56439
20230626,1352,1694,1694,1694,1694,1029,94565,56437
20230626,1349,1694,1694,1694,1694,100,94565,55408
20230626,1346,1694,1694,1694,1694,10,94565,55308
20230626,1344,1694,1694,1694,1694,20,94565,55298
20230626,1342,1694,1694,1694,1694,306,94565,55278
20230626,1339,1694,1694,1693,1693,676,94565,54972
20230626,1337,1693,1693,1693,1693,12,94331,54530
20230626,1335,1694,1694,1693,1693,341,94319,54530
20230626,1332,1694,1694,1694,1694,3,94181,54327
20230626,1331,1697,1698,1697,1698,4,94178,54327
20230626,1330,1696,1697,1696,1697,166,94176,54325
20230626,1329,1697,1697,1697,1697,2770,94033,54302
20230626,1328,1693,1697,1693,1697,4,91362,54203
20230626,1327,1690,1690,1690,1690,130,91362,54199
20230626,1326,1691,1691,1690,1690,1088,91362,54069
20230626,1325,1692,1692,1691,1691,558,90276,54067
20230626,1324,1692,1692,1692,1692,31,90242,53543
20230626,1321,1693,1693,1692,1692,22,90242,53512
20230626,1320,1694,1694,1694,1694,1,90220,53512
20230626,1319,1694,1694,1694,1694,21,90220,53511
20230626,1318,1696,1696,1695,1695,603,90199,53511
20230626,1316,1696,1697,1696,1697,9,89596,53511
20230626,1315,1697,1697,1697,1697,1,89588,53510
20230626,1314,1697,1698,1697,1698,103,89588,53509
20230626,1313,1698,1698,1697,1697,401,89588,53406
20230626,1312,1697,1699,1697,1699,656,89204,53389
20230626,1311,1697,1698,1697,1698,6,89203,52734
20230626,1310,1697,1698,1696,1698,446,89201,52730
20230626,1309,1695,1696,1695,1696,1003,89118,52367
20230626,1308,1695,1695,1695,1695,1720,88118,52364
20230626,1307,1690,1690,1690,1690,271,86589,52173
20230626,1306,1689,1690,1687,1689,1008,86589,51902
20230626,1305,1689,1689,1686,1686,500,86588,50895
20230626,1304,1689,1689,1689,1689,9,86171,50812
20230626,1303,1689,1689,1689,1689,1,86171,50803
20230626,1302,1680,1680,1680,1680,781,86171,50802
20230626,1301,1689,1689,1680,1680,1886,86171,50021
20230626,1258,1690,1690,1690,1690,2,84941,49365
20230626,1257,1695,1696,1689,1690,1622,84941,49363
20230626,1256,1695,1695,1693,1695,278,83615,49067
20230626,1255,1695,1695,1695,1695,5,83443,48961
20230626,1254,1692,1696,1692,1696,302,83443,48956
20230626,1249,1697,1697,1697,1697,130,83143,48954
20230626,1248,1697,1697,1697,1697,1,83143,48824
20230626,1247,1694,1694,1694,1694,79,83143,48823
20230626,1246,1698,1698,1698,1698,3,83064,48823
20230626,1243,1698,1698,1698,1698,10,83064,48820
20230626,1242,1698,1698,1698,1698,2,83064,48810
20230626,1241,1698,1698,1698,1698,297,83064,48808
20230626,1240,1698,1698,1698,1698,1,83064,48511
20230626,1239,1699,1699,1693,1693,942,83064,48510
20230626,1238,1699,1699,1693,1693,31,82123,48509
20230626,1237,1696,1696,1692,1692,533,82093,48508
20230626,1236,1699,1699,1698,1698,2,81560,48508
20230626,1235,1699,1699,1697,1697,380,81559,48507
20230626,1234,1699,1699,1699,1699,35,81558,48128
20230626,1233,1698,1698,1698,1698,1,81558,48093
20230626,1231,1699,1699,1699,1699,100,81557,48093
20230626,1229,1698,1699,1698,1699,242,81557,47993
20230626,1228,1698,1698,1698,1698,5,81485,47823
20230626,1227,1698,1698,1698,1698,13,81485,47818
20230626,1226,1698,1698,1698,1698,1,81485,47805
20230626,1224,1698,1698,1691,1691,87,81485,47804
20230626,1223,1698,1698,1698,1698,125,81456,47746
20230626,1221,1698,1698,1698,1698,2,81456,47621
20230626,1220,1690,1698,1690,1698,1331,81456,47619
20230626,1219,1690,1691,1690,1691,56,81453,46291
20230626,1218,1690,1690,1690,1690,41,81412,46276
20230626,1217,1690,1691,1690,1691,108,81371,46276
20230626,1216,1690,1690,1690,1690,800,81330,46209
20230626,1213,1687,1691,1685,1691,259,81330,45409
20230626,1206,1689,1689,1685,1685,479,81130,45350
20230626,1205,1690,1690,1690,1690,264,80651,45350
20230626,1204,1690,1690,1690,1690,10,80651,45086
20230626,1200,1691,1691,1691,1691,512,80651,45076
20230626,1159,1687,1691,1687,1691,11,80651,44564
20230626,1158,1691,1691,1688,1688,647,80641,44563
20230626,1156,1692,1692,1692,1692,326,79994,44563
20230626,1155,1692,1692,1692,1692,71,79668,44563
20230626,1150,1693,1693,1692,1692,242,79597,44563
20230626,1149,1699,1699,1699,1699,1,79355,44563
20230626,1148,1698,1699,1698,1699,118,79355,44562
20230626,1146,1699,1699,1699,1699,3,79355,44444
20230626,1143,1698,1698,1698,1698,37,79355,44441
20230626,1142,1698,1698,1698,1698,400,79318,44441
20230626,1141,1698,1698,1698,1698,30,79185,44174
20230626,1137,1698,1698,1698,1698,100,79185,44144
20230626,1136,1691,1698,1691,1698,1179,79185,44044
20230626,1135,1691,1691,1691,1691,1,78245,43805
20230626,1134,1698,1698,1698,1698,91,78244,43805
20230626,1133,1699,1699,1699,1699,1,78244,43714
20230626,1132,1699,1700,1697,1700,509,78244,43713
20230626,1131,1698,1699,1694,1699,609,78122,43326
20230626,1130,1691,1698,1691,1698,2904,78065,42774
20230626,1129,1689,1692,1688,1692,499,78064,39871
20230626,1128,1687,1689,1686,1689,973,78063,39373
20230626,1127,1687,1687,1687,1687,1,77147,39316
20230626,1126,1685,1685,1685,1685,1368,77147,39315
20230626,1125,1685,1685,1685,1685,52,76399,38695
20230626,1123,1684,1685,1684,1685,3,76399,38643
20230626,1122,1685,1685,1684,1685,8,76398,38641
20230626,1121,1685,1685,1685,1685,2,76396,38635
20230626,1120,1685,1685,1685,1685,408,76396,38633
20230626,1119,1685,1685,1685,1685,100,76396,38225
20230626,1118,1677,1685,1675,1685,1927,76396,38125
20230626,1117,1678,1678,1677,1677,216,74969,37625
20230626,1116,1681,1681,1678,1678,7526,74753,37625
20230626,1113,1685,1685,1685,1685,178,67227,37625
20230626,1112,1681,1681,1681,1681,417,67227,37447
20230626,1111,1681,1681,1680,1680,2056,66810,37447
20230626,1110,1683,1683,1681,1681,351,64754,37447
20230626,1107,1687,1687,1687,1687,28,64403,37447
20230626,1106,1687,1687,1687,1687,18,64403,37419
20230626,1105,1682,1682,1682,1682,10,64403,37401
20230626,1103,1687,1687,1687,1687,10,64393,37401
20230626,1100,1687,1687,1687,1687,1,64393,37391
20230626,1059,1688,1688,1688,1688,1,64393,37390
20230626,1058,1681,1681,1680,1680,6997,64393,37389
20230626,1057,1681,1681,1681,1681,162,62316,32469
20230626,1056,1689,1689,1689,1689,161,62154,32469
20230626,1055,1689,1689,1681,1689,560,62154,32308
20230626,1053,1690,1690,1690,1690,50,61654,32248
20230626,1052,1681,1681,1681,1681,10,61654,32198
20230626,1051,1681,1690,1681,1690,551,61644,32198
20230626,1050,1690,1690,1681,1681,1001,61194,32097
20230626,1049,1690,1690,1682,1682,561,60194,32096
20230626,1048,1690,1690,1690,1690,50,59794,31935
20230626,1047,1689,1690,1689,1690,51,59794,31885
20230626,1046,1689,1690,1682,1690,920,59744,31884
20230626,1044,1682,1689,1681,1689,1001,59628,31080
20230626,1043,1685,1685,1682,1682,1750,58628,31079
20230626,1042,1691,1691,1691,1691,173,56878,31079
20230626,1041,1691,1691,1691,1691,35,56878,30906
20230626,1040,1691,1691,1691,1691,15,56878,30871
20230626,1038,1692,1692,1692,1692,1,56878,30856
20230626,1037,1688,1688,1688,1688,2000,56878,30855
20230626,1036,1690,1690,1690,1690,7,54878,30855
20230626,1035,1688,1692,1688,1692,162,54878,30848
20230626,1034,1688,1688,1688,1688,54,54878,30686
20230626,1032,1691,1692,1691,1692,31,54878,30632
20230626,1031,1692,1695,1692,1692,86,54878,30601
20230626,1030,1692,1692,1685,1692,205,54845,30548
20230626,1028,1692,1692,1692,1692,162,54845,30343
20230626,1027,1683,1692,1683,1692,831,54845,30181
20230626,1026,1684,1684,1683,1683,1072,54537,29658
20230626,1025,1684,1684,1684,1684,105,53537,29586
20230626,1024,1684,1684,1684,1684,1,53537,29481
20230626,1023,1683,1683,1681,1681,2109,53537,29480
20230626,1022,1683,1683,1683,1683,1000,51478,29430
20230626,1021,1686,1692,1684,1684,1859,50679,29229
20230626,1020,1692,1692,1692,1692,100,48821,29228
20230626,1018,1692,1692,1692,1692,1,48821,29128
20230626,1017,1692,1692,1692,1692,60,48821,29127
20230626,1014,1695,1695,1695,1695,11,48821,29067
20230626,1013,1686,1695,1685,1695,2004,48821,29056
20230626,1012,1687,1687,1686,1686,1401,48152,27721
20230626,1011,1695,1696,1695,1695,710,47373,27099
20230626,1009,1688,1696,1687,1696,52,47173,26589
20230626,1008,1698,1698,1697,1697,8,47152,26558
20230626,1007,1701,1701,1699,1699,4,47144,26558
20230626,1006,1700,1701,1700,1701,10,47143,26555
20230626,1005,1701,1701,1700,1700,134,47143,26545
20230626,1004,1701,1701,1699,1699,60,47142,26412
20230626,1003,1700,1701,1689,1701,3145,47133,26361
20230626,1002,1701,1701,1701,1701,2,46369,23980
20230626,1001,1703,1703,1701,1701,61,46367,23980
20230626,958,1703,1703,1703,1703,4,46307,23979
20230626,957,1699,1704,1699,1703,1161,46307,23975
20230626,956,1699,1699,1699,1699,620,46000,23121
20230626,955,1700,1700,1699,1699,2,46000,22501
20230626,954,1695,1700,1695,1700,305,45999,22500
20230626,953,1694,1695,1694,1695,121,45905,22289
20230626,952,1689,1693,1689,1693,4842,45905,22168
20230626,951,1689,1689,1689,1689,200,45905,17326
20230626,949,1689,1689,1689,1689,1219,45905,17126
20230626,948,1689,1689,1689,1689,10,45905,15907
20230626,947,1680,1689,1680,1689,1527,45905,15897
20230626,946,1687,1687,1680,1680,559,45905,14370
20230626,944,1689,1689,1689,1689,208,45346,14370
20230626,943,1689,1689,1689,1689,151,45346,14162
20230626,942,1683,1690,1683,1690,439,45346,14011
20230626,941,1683,1683,1682,1683,3144,45039,13879
20230626,940,1690,1690,1683,1683,534,41982,13792
20230626,939,1681,1690,1680,1690,1143,41462,13778
20230626,938,1681,1681,1679,1681,770,41434,12663
20230626,937,1680,1681,1679,1679,1243,40934,12393
20230626,936,1681,1681,1681,1681,152,39998,12086
20230626,935,1682,1691,1680,1691,5405,39846,12086
20230626,934,1691,1692,1691,1692,678,34643,11884
20230626,933,1693,1693,1693,1693,10,34643,11206
20230626,932,1693,1693,1693,1693,100,34643,11196
20230626,931,1682,1693,1680,1693,2410,34643,11096
20230626,930,1694,1694,1681,1681,1064,33229,10100
20230626,928,1694,1694,1685,1685,730,32229,10036
20230626,927,1695,1695,1695,1695,100,31856,9679
20230626,926,1686,1695,1685,1695,2421,31856,9579
20230626,925,1687,1687,1685,1685,7741,29436,9578
20230626,924,1692,1700,1692,1700,510,21695,9578
20230626,923,1692,1692,1687,1692,1889,21695,9068
20230626,922,1692,1692,1690,1690,1674,19831,9043
20230626,921,1700,1700,1700,1700,200,18157,9043
20230626,917,1690,1704,1689,1704,453,18057,8943
20230626,916,1706,1706,1690,1690,1454,17772,8775
20230626,915,1699,1706,1689,1706,2792,17392,7701
20230626,914,1699,1699,1690,1699,38,16234,6067
20230626,913,1694,1701,1686,1689,3355,16204,6059
20230626,912,1705,1706,1693,1697,6409,13404,5504
20230626,911,1718,1718,1706,1706,647,6997,5502
20230626,910,1708,1720,1707,1707,199,6450,5402
20230626,909,1720,1720,1720,1720,2,6261,5392
20230626,908,1722,1722,1709,1709,155,6261,5390
20230626,907,1707,1722,1707,1722,521,6193,5303
20230626,906,1707,1707,1707,1707,1120,6179,4796
20230626,905,1708,1708,1707,1708,2688,5059,4796
20230626,903,1716,1716,1716,1716,11,3517,3650
20230626,902,1705,1705,1705,1705,708,3506,3650
20230626,901,1700,1730,1696,1705,6448,3106,3342
20230623,1530,1718,1718,1718,1718,3245,111188,50712
20230623,1520,1725,1725,1725,1725,105,111188,47563
20230623,1519,1716,1725,1716,1725,82,111188,47458
20230623,1518,1717,1717,1717,1717,1723,111187,47377
20230623,1516,1717,1724,1717,1724,65,110418,46423
20230623,1515,1717,1717,1716,1716,400,110417,46359
20230623,1514,1725,1725,1725,1725,61,110017,46359
20230623,1513,1725,1725,1725,1725,58,110017,46298
20230623,1512,1725,1725,1717,1717,517,110017,46240
20230623,1510,1724,1724,1724,1724,583,109501,46239
20230623,1509,1724,1725,1724,1725,8,108918,46239
20230623,1508,1717,1724,1717,1724,6,108914,46235
20230623,1507,1718,1718,1717,1717,251,108913,46230
20230623,1506,1725,1725,1725,1725,133,108662,46230
20230623,1504,1717,1725,1717,1725,2,108662,46097
20230623,1503,1717,1717,1717,1717,121,108660,46097
20230623,1502,1724,1724,1715,1716,1647,108539,46097
20230623,1501,1717,1726,1717,1726,950,107309,45680
20230623,1500,1721,1721,1718,1718,3025,106382,45657
20230623,1459,1722,1722,1719,1719,5,103358,45656
20230623,1457,1723,1723,1723,1723,1,103356,45653
20230623,1456,1722,1722,1718,1719,6675,103356,45652
20230623,1455,1723,1723,1723,1723,30,96681,45652
20230623,1454,1723,1723,1723,1723,30,96681,45622
20230623,1452,1723,1723,1723,1723,1,96651,45622
20230623,1451,1726,1726,1726,1726,1,96650,45622
20230623,1450,1727,1727,1722,1722,411,96650,45621
20230623,1447,1727,1727,1727,1727,7,96239,45621
20230623,1446,1730,1730,1730,1730,31,96232,45621
20230623,1445,1730,1730,1730,1730,2,96232,45590
20230623,1444,1728,1728,1728,1728,1,96232,45588
20230623,1442,1729,1730,1729,1730,30,96231,45588
20230623,1440,1729,1729,1729,1729,1,96231,45558
20230623,1437,1729,1729,1729,1729,1340,96231,45557
20230623,1436,1729,1730,1729,1730,1318,94891,45557
20230623,1435,1729,1729,1729,1729,1,93574,45556
20230623,1432,1728,1730,1728,1730,3,93574,45555
20230623,1431,1727,1729,1727,1729,21,93573,45553
20230623,1430,1728,1728,1728,1728,1,93562,45543
20230623,1429,1728,1728,1728,1728,1,93561,45543
20230623,1428,1729,1729,1729,1729,580,93560,45543
20230623,1427,1728,1729,1728,1729,516,93074,45449
20230623,1422,1729,1729,1729,1729,180,92559,45448
20230623,1419,1729,1729,1729,1729,10,92559,45268
20230623,1417,1729,1729,1729,1729,180,92559,45258
20230623,1416,1729,1729,1729,1729,31,92559,45078
20230623,1415,1729,1729,1726,1726,3,92559,45047
20230623,1413,1729,1729,1729,1729,1,92557,45046
20230623,1412,1727,1728,1727,1728,2,92557,45045
20230623,1409,1725,1725,1724,1725,135,92557,45043
20230623,1408,1726,1726,1721,1725,3,92557,44908
20230623,1406,1719,1719,1719,1719,1,92556,44906
20230623,1405,1727,1727,1727,1727,1,92555,44906
20230623,1404,1727,1727,1727,1727,1,92555,44905
20230623,1402,1726,1726,1726,1726,636,92555,44904
20230623,1401,1726,1726,1726,1726,29,92555,44268
20230623,1359,1726,1726,1726,1726,15,92555,44239
20230623,1358,1725,1725,1717,1717,4021,92555,44224
20230623,1357,1725,1725,1725,1725,28,88534,44224
20230623,1356,1727,1728,1725,1725,2201,88506,44224
20230623,1352,1728,1728,1728,1728,2,86306,44223
20230623,1351,1729,1729,1729,1729,16,86306,44221
20230623,1350,1725,1725,1725,1725,1,86306,44205
20230623,1348,1729,1729,1728,1729,3,86305,44205
20230623,1347,1724,1724,1724,1724,3,86304,44203
20230623,1346,1729,1729,1729,1729,31,86301,44203
20230623,1345,1726,1726,1724,1724,1900,86301,44172
20230623,1343,1730,1730,1730,1730,3,84401,44172
20230623,1340,1730,1730,1730,1730,2,84401,44169
20230623,1333,1730,1730,1730,1730,120,84401,44167
20230623,1332,1730,1730,1730,1730,101,84401,44047
20230623,1330,1731,1731,1727,1727,160,84401,43946
20230623,1328,1724,1724,1724,1724,10,84341,43846
20230623,1327,1725,1725,1724,1724,5,84331,43846
20230623,1325,1724,1724,1724,1724,30,84326,43846
20230623,1324,1734,1734,1732,1732,2,84296,43846
20230623,1322,1724,1734,1724,1734,2,84295,43845
20230623,1321,1725,1725,1725,1725,1113,84294,43844
20230623,1320,1734,1734,1734,1734,57,84183,42842
20230623,1319,1739,1739,1739,1739,1,84126,42842
20230623,1318,1734,1734,1734,1734,1031,84126,42841
20230623,1316,1734,1734,1734,1734,500,83095,42841
20230623,1313,1740,1740,1740,1740,7,82595,42841
20230623,1312,1743,1743,1741,1741,227,82595,42834
20230623,1311,1743,1744,1743,1744,11,82369,42833
20230623,1310,1743,1744,1743,1744,199,82359,42832
20230623,1309,1741,1744,1741,1744,172,82348,42644
20230623,1308,1741,1741,1741,1741,51,82348,42472
20230623,1307,1735,1741,1735,1741,908,82348,42421
20230623,1306,1732,1732,1732,1732,1,81529,42332
20230623,1305,1731,1731,1731,1731,153,81529,42331
20230623,1304,1731,1731,1722,1731,1082,81529,42178
20230623,1301,1729,1731,1729,1731,3643,81528,41097
20230623,1257,1729,1729,1729,1729,110,81528,37454
20230623,1255,1729,1729,1729,1729,289,81528,37344
20230623,1253,1729,1729,1729,1729,10,81528,37055
20230623,1252,1729,1729,1729,1729,200,81528,37045
20230623,1251,1720,1730,1720,1729,93,81528,36845
20230623,1250,1720,1720,1720,1720,1798,81478,36802
20230623,1249,1723,1723,1721,1721,1191,79680,36802
20230623,1248,1723,1723,1723,1723,55,78489,36802
20230623,1246,1723,1723,1723,1723,98,78434,36802
20230623,1245,1723,1723,1723,1723,300,78434,36704
20230623,1244,1722,1722,1722,1722,131,78434,36404
20230623,1243,1722,1722,1722,1722,57,78434,36273
20230623,1242,1722,1722,1722,1722,267,78434,36216
20230623,1241,1722,1722,1722,1722,1515,78434,35949
20230623,1240,1721,1721,1721,1721,3,78434,34434
20230623,1239,1722,1722,1722,1722,100,78431,34434
20230623,1238,1721,1721,1721,1721,4,78431,34334
20230623,1237,1722,1722,1722,1722,100,78427,34334
20230623,1235,1722,1722,1722,1722,63,78427,34234
20230623,1232,1721,1721,1721,1721,132,78427,34171
20230623,1231,1721,1721,1721,1721,500,78295,34171
20230623,1230,1723,1723,1722,1722,702,77795,34171
20230623,1229,1728,1728,1728,1728,289,77093,34171
20230623,1228,1728,1728,1728,1728,10,77093,33882
20230623,1227,1728,1728,1728,1728,21,77093,33872
20230623,1226,1728,1728,1728,1728,10,77093,33851
20230623,1221,1729,1729,1729,1729,129,77093,33841
20230623,1219,1729,1729,1729,1729,1,77093,33712
20230623,1217,1725,1729,1725,1729,2,77093,33711
20230623,1215,1725,1725,1724,1724,49,77093,33709
20230623,1214,1725,1725,1725,1725,30,77044,33709
20230623,1213,1725,1725,1725,1725,870,77014,33709
20230623,1212,1727,1727,1725,1725,4000,76144,33709
20230623,1207,1726,1732,1726,1732,850,72144,33709
20230623,1206,1732,1732,1732,1732,21,71594,33409
20230623,1149,1735,1735,1735,1735,500,71594,33388
20230623,1144,1735,1735,1735,1735,33,71594,32888
20230623,1143,1735,1735,1735,1735,10,71594,32855
20230623,1142,1736,1736,1736,1736,500,71594,32845
20230623,1141,1727,1727,1727,1727,500,71594,32345
20230623,1140,1737,1737,1737,1737,2,71187,32252
20230623,1138,1737,1737,1737,1737,1,71187,32250
20230623,1137,1737,1737,1727,1727,5,71187,32249
20230623,1136,1737,1737,1727,1727,2,71186,32245
20230623,1135,1736,1737,1727,1737,1437,71185,32244
20230623,1134,1736,1736,1727,1727,3,71034,30958
20230623,1133,1727,1736,1727,1736,261,71033,30956
20230623,1125,1736,1736,1736,1736,1,70773,30955
20230623,1124,1730,1730,1730,1730,2233,70773,30954
20230623,1120,1726,1730,1726,1730,1001,70773,28721
20230623,1118,1726,1726,1726,1726,1,69773,28720
20230623,1116,1736,1736,1736,1736,1,69772,28720
20230623,1115,1736,1736,1736,1736,1,69772,28719
20230623,1113,1736,1736,1736,1736,1,69772,28718
20230623,1112,1735,1735,1735,1735,994,69772,28717
20230623,1110,1726,1735,1726,1735,820,69772,27723
20230623,1108,1733,1733,1726,1726,604,68953,27722
20230623,1106,1727,1727,1727,1727,55,68464,27607
20230623,1104,1727,1727,1727,1727,45,68464,27552
20230623,1103,1727,1727,1727,1727,70,68419,27552
20230623,1101,1733,1733,1727,1727,537,68349,27552
20230623,1057,1734,1734,1734,1734,630,67812,27552
20230623,1052,1734,1734,1734,1734,1,67187,27547
20230623,1048,1734,1734,1734,1734,2,67187,27546
20230623,1047,1734,1734,1734,1734,3,67187,27544
20230623,1041,1735,1735,1734,1734,1450,67187,27541
20230623,1040,1728,1735,1728,1734,2760,65738,27540
20230623,1039,1728,1728,1728,1728,110,63132,27386
20230623,1038,1728,1728,1728,1728,2739,63132,27276
20230623,1037,1728,1734,1728,1734,848,60453,27216
20230623,1036,1728,1728,1728,1728,378,60336,26485
20230623,1035,1726,1727,1726,1727,1348,60336,26107
20230623,1034,1726,1726,1726,1726,7,60336,24759
20230623,1033,1725,1726,1725,1726,1096,60336,24752
20230623,1028,1725,1725,1725,1725,1,60336,23656
20230623,1026,1719,1725,1719,1725,1650,60336,23655
20230623,1025,1719,1719,1714,1714,501,60246,22095
20230623,1024,1716,1718,1715,1718,3916,60124,21716
20230623,1023,1718,1718,1716,1716,2445,57812,20112
20230623,1022,1717,1720,1717,1719,901,55387,20092
20230623,1021,1720,1720,1717,1719,2190,54488,20090
20230623,1020,1722,1722,1722,1722,30,52399,19989
20230623,1019,1723,1724,1721,1721,975,52399,19959
20230623,1018,1723,1723,1723,1723,50,51444,19939
20230623,1017,1724,1724,1724,1724,50,51394,19939
20230623,1016,1723,1724,1723,1724,501,51394,19889
20230623,1015,1724,1724,1720,1723,5032,51394,19388
20230623,1012,1724,1724,1724,1724,3,46863,18887
20230623,1010,1723,1724,1721,1724,303,46863,18884
20230623,1009,1721,1723,1721,1723,649,46573,18871
20230623,1008,1721,1721,1721,1721,502,46573,18222
20230623,1007,1721,1721,1721,1721,25,46573,17720
20230623,1006,1719,1722,1719,1722,29,46548,17720
20230623,1005,1721,1722,1717,1722,1006,46548,17691
20230623,1004,1721,1722,1717,1717,1146,45548,17685
20230623,1002,1725,1725,1720,1720,101,44405,17682
20230623,1001,1722,1725,1722,1725,383,44404,17582
20230623,1000,1722,1722,1720,1721,2458,44052,17551
20230623,959,1722,1722,1722,1722,1501,41604,17541
20230623,958,1723,1723,1722,1722,97,40103,17541
20230623,956,1725,1725,1722,1722,614,40006,17541
20230623,955,1727,1727,1726,1726,321,39393,17540
20230623,953,1727,1728,1727,1728,2,39094,17518
20230623,952,1724,1724,1723,1723,391,39093,17517
20230623,951,1728,1728,1725,1725,91,38731,17488
20230623,949,1730,1730,1727,1727,1527,38641,17487
20230623,948,1735,1735,1735,1735,100,37123,17478
20230623,947,1735,1735,1735,1735,58,37123,17378
20230623,945,1730,1736,1730,1736,22,37123,17320
20230623,944,1735,1735,1735,1735,299,37121,17300
20230623,943,1730,1730,1730,1730,1,36984,17138
20230623,941,1734,1735,1734,1734,713,36983,17138
20230623,940,1735,1735,1735,1735,101,36310,17098
20230623,939,1738,1738,1735,1736,3700,36310,16997
20230623,938,1742,1742,1740,1740,1202,32709,16898
20230623,937,1743,1743,1740,1742,1880,31509,16896
20230623,936,1749,1749,1749,1749,2,29633,16892
20230623,934,1749,1749,1749,1749,7,29633,16890
20230623,932,1749,1749,1749,1749,1,29633,16883
20230623,931,1742,1742,1742,1742,270,29633,16882
20230623,929,1742,1742,1742,1742,130,29363,16882
20230623,927,1741,1741,1741,1741,50,29233,16882
20230623,926,1741,1741,1741,1741,112,29183,16882
20230623,924,1743,1743,1740,1741,4122,29071,16882
20230623,923,1750,1750,1742,1742,4184,24999,16832
20230623,922,1751,1751,1750,1750,1000,20815,16832
20230623,921,1751,1751,1751,1751,31,19815,16832
20230623,920,1763,1763,1763,1763,1320,19784,16832
20230623,919,1763,1763,1763,1763,10,19194,16102
20230623,917,1747,1764,1745,1764,5280,19194,16092
20230623,916,1765,1765,1764,1764,4,15335,14671
20230623,915,1766,1766,1765,1765,1995,15335,14667
20230623,914,1750,1750,1750,1750,101,14085,13922
20230623,913,1767,1769,1742,1750,5948,14085,13821
20230623,912,1767,1767,1742,1767,204,11864,10094
20230623,911,1766,1767,1766,1767,643,11808,9946
20230623,910,1763,1768,1740,1768,3949,11508,9603
20230623,909,1763,1763,1763,1763,57,8422,8740
20230623,908,1769,1769,1740,1768,236,8422,8683
20230623,907,1765,1770,1735,1770,216,8222,8647
20230623,906,1724,1771,1724,1771,5467,8199,8454
20230623,905,1724,1724,1724,1724,10,7925,3261
20230623,904,1724,1724,1716,1716,2343,7925,3251
20230623,903,1724,1730,1720,1724,3250,5582,3251
20230623,902,1723,1724,1720,1724,1711,4419,1164
20230623,901,1726,1726,1724,1724,4142,3114,758
20230622,1530,1726,1726,1726,1726,3435,79645,74852
20230622,1520,1726,1726,1726,1726,470,79645,72465
20230622,1519,1726,1726,1726,1726,131,79645,71995
20230622,1518,1726,1726,1726,1726,67,79645,71864
20230622,1517,1726,1726,1726,1726,600,79645,71797
20230622,1516,1726,1726,1726,1726,1,79645,71197
20230622,1515,1726,1726,1726,1726,178,79645,71196
20230622,1514,1725,1726,1725,1726,36,79645,71018
20230622,1513,1724,1725,1724,1725,1892,79645,70982
20230622,1512,1722,1724,1722,1724,3879,78716,70019
20230622,1511,1721,1721,1716,1716,300,77577,67279
20230622,1510,1724,1724,1723,1723,2,77277,67279
20230622,1509,1724,1724,1724,1724,1,77276,67278
20230622,1508,1726,1726,1725,1725,64,77276,67277
20230622,1507,1726,1726,1726,1726,1,77276,67213
20230622,1505,1727,1727,1727,1727,1,77276,67212
20230622,1504,1720,1720,1716,1716,1096,77276,67211
20230622,1502,1721,1727,1720,1727,253,76180,67211
20230622,1500,1727,1727,1727,1727,201,75928,67210
20230622,1459,1727,1727,1727,1727,15,75928,67009
20230622,1456,1727,1727,1727,1727,1,75928,66994
20230622,1455,1728,1728,1719,1719,214,75928,66993
20230622,1454,1730,1730,1728,1728,101,75747,66960
20230622,1453,1730,1730,1730,1730,1,75747,66859
20230622,1452,1722,1730,1719,1719,285,75747,66858
20230622,1451,1729,1730,1720,1720,615,75463,66857
20230622,1450,1729,1729,1729,1729,10,74884,66821
20230622,1449,1729,1729,1729,1729,500,74884,66811
20230622,1448,1729,1729,1729,1729,11,74884,66311
20230622,1447,1727,1728,1727,1728,1000,74884,66300
20230622,1444,1728,1728,1728,1728,1010,74832,65352
20230622,1443,1728,1728,1728,1728,306,73903,65271
20230622,1442,1721,1729,1721,1729,104,73677,65191
20230622,1440,1728,1728,1728,1728,5,73577,65187
20230622,1439,1721,1729,1721,1729,2,73577,65182
20230622,1436,1728,1728,1728,1728,1,73576,65181
20230622,1434,1733,1733,1720,1720,3001,73576,65180
20230622,1433,1734,1734,1733,1733,2,70938,64817
20230622,1430,1720,1720,1720,1720,104,70938,64815
20230622,1428,1735,1735,1720,1720,3094,70894,64755
20230622,1427,1736,1736,1733,1733,401,67829,64726
20230622,1426,1738,1738,1738,1738,11,67429,64725
20230622,1416,1740,1740,1740,1740,1,67429,64714
20230622,1410,1745,1745,1745,1745,11,67429,64713
20230622,1408,1749,1749,1749,1749,1,67429,64702
20230622,1407,1731,1749,1725,1749,1880,67429,64701
20230622,1405,1749,1749,1749,1749,17,65550,64700
20230622,1404,1750,1750,1731,1749,1601,65550,64683
20230622,1403,1750,1750,1750,1750,132,64269,64363
20230622,1402,1731,1740,1725,1740,3300,64269,64231
20230622,1401,1738,1738,1732,1732,7471,61269,63931
20230622,1400,1739,1740,1739,1739,635,58673,59056
20230622,1359,1744,1744,1740,1740,1742,58038,59056
20230622,1358,1746,1755,1745,1754,2503,56297,59055
20230622,1357,1756,1756,1756,1756,56,53942,58907
20230622,1353,1758,1758,1758,1758,1,53942,58851
20230622,1348,1745,1759,1744,1759,291,53942,58850
20230622,1347,1746,1746,1746,1746,421,53652,58849
20230622,1346,1759,1759,1751,1751,290,53231,58849
20230622,1342,1750,1750,1750,1750,100,52946,58844
20230622,1335,1759,1760,1759,1760,2,52846,58844
20230622,1334,1759,1759,1747,1758,4,52846,58842
20230622,1333,1759,1760,1759,1760,2,52844,58840
20230622,1332,1757,1757,1757,1757,999,52844,58838
20230622,1329,1757,1757,1757,1757,1,52844,57839
20230622,1328,1751,1751,1746,1746,328,52844,57838
20230622,1326,1758,1758,1753,1757,103,52516,57838
20230622,1322,1755,1758,1755,1758,440,52416,57835
20230622,1321,1755,1758,1755,1758,433,51977,57834
20230622,1320,1759,1759,1758,1758,19,51544,57834
20230622,1319,1759,1759,1755,1755,400,51544,57815
20230622,1318,1760,1760,1757,1757,2881,51145,57814
20230622,1317,1760,1760,1760,1760,11,48266,57812
20230622,1316,1759,1760,1759,1760,1750,48266,57801
20230622,1315,1760,1760,1760,1760,12,46517,57800
20230622,1314,1760,1760,1760,1760,10,46517,57788
20230622,1313,1761,1762,1760,1760,121,46517,57778
20230622,1312,1760,1760,1760,1760,2,46400,57774
20230622,1311,1760,1760,1759,1760,63,46400,57772
20230622,1310,1760,1760,1760,1760,300,46398,57711
20230622,1309,1762,1762,1760,1760,33,46398,57411
20230622,1308,1762,1762,1761,1761,506,46396,57380
20230622,1307,1761,1761,1761,1761,1,46395,56875
20230622,1306,1763,1763,1760,1760,1517,46394,56875
20230622,1305,1762,1762,1762,1762,1,44878,56874
20230622,1304,1761,1764,1761,1764,3,44877,56874
20230622,1303,1762,1765,1762,1764,5,44876,56872
20230622,1302,1762,1763,1761,1761,3,44876,56867
20230622,1301,1763,1764,1763,1764,2,44875,56865
20230622,1300,1764,1764,1764,1764,4,44875,56863
20230622,1259,1760,1765,1760,1765,27,44875,56859
20230622,1257,1760,1760,1760,1760,2510,44850,56857
20230622,1256,1766,1766,1766,1766,1,42340,56857
20230622,1255,1766,1766,1760,1760,12,42340,56856
20230622,1254,1766,1766,1759,1759,2,42339,56845
20230622,1253,1765,1765,1760,1760,2,42338,56844
20230622,1252,1766,1766,1760,1760,134,42337,56843
20230622,1247,1766,1766,1766,1766,19,42236,56810
20230622,1241,1766,1766,1766,1766,1898,42217,56810
20230622,1238,1766,1766,1766,1766,1,41404,55725
20230622,1237,1767,1767,1766,1766,101,41404,55724
20230622,1234,1759,1769,1759,1769,1857,41404,55623
20230622,1232,1759,1759,1759,1759,369,41349,53821
20230622,1230,1760,1765,1760,1760,68,41180,53621
20230622,1229,1769,1769,1760,1765,3686,41112,53621
20230622,1226,1765,1765,1765,1765,1392,37426,53621
20230622,1225,1772,1772,1765,1765,525,36034,53621
20230622,1224,1773,1774,1765,1773,4705,35539,53591
20230622,1222,1766,1775,1765,1774,2298,31990,52435
20230622,1221,1764,1765,1764,1765,603,30251,51876
20230622,1219,1763,1763,1763,1763,962,30251,51273
20230622,1218,1762,1765,1762,1765,48,29980,50582
20230622,1217,1760,1762,1756,1762,1793,29980,50534
20230622,1216,1760,1760,1760,1760,448,29808,48913
20230622,1215,1760,1760,1755,1760,718,29808,48465
20230622,1214,1755,1759,1755,1759,4299,29470,48085
20230622,1213,1754,1755,1754,1755,673,29460,43796
20230622,1212,1754,1754,1754,1754,342,29460,43123
20230622,1210,1749,1754,1749,1754,5072,29460,42781
20230622,1208,1748,1748,1748,1748,1735,29232,37937
20230622,1207,1749,1749,1748,1748,1490,28590,36844
20230622,1206,1749,1749,1749,1749,10,27590,36354
20230622,1204,1750,1750,1750,1750,5,27580,36354
20230622,1201,1750,1750,1750,1750,33,27580,36349
20230622,1200,1750,1750,1750,1750,70,27547,36349
20230622,1157,1750,1750,1750,1750,300,27547,36279
20230622,1154,1750,1750,1750,1750,870,27377,36149
20230622,1153,1749,1751,1749,1751,306,26507,36149
20230622,1148,1746,1750,1746,1750,3,26507,35843
20230622,1147,1749,1750,1749,1750,102,26505,35842
20230622,1145,1749,1749,1744,1744,400,26505,35740
20230622,1144,1750,1751,1750,1750,8,26105,35740
20230622,1143,1750,1750,1750,1750,118,26098,35739
20230622,1140,1749,1750,1749,1750,8,26074,35645
20230622,1138,1751,1751,1750,1750,404,26069,35642
20230622,1137,1747,1750,1747,1750,1208,25666,35641
20230622,1134,1748,1748,1748,1748,690,25666,34433
20230622,1133,1745,1747,1745,1747,2,25027,34382
20230622,1130,1744,1744,1744,1744,1,25025,34382
20230622,1123,1748,1748,1748,1748,50,25024,34382
20230622,1121,1748,1748,1748,1748,1,25024,34332
20230622,1119,1748,1748,1748,1748,1,25023,34332
20230622,1118,1748,1748,1740,1740,349,25022,34332
20230622,1117,1748,1748,1748,1748,704,24673,34332
20230622,1115,1748,1749,1748,1749,12,24673,33628
20230622,1112,1750,1750,1750,1750,10,24673,33616
20230622,1111,1749,1750,1749,1750,580,24673,33606
20230622,1105,1749,1749,1749,1749,11,24673,33026
20230622,1103,1749,1749,1739,1739,160,24673,33015
20230622,1102,1749,1749,1749,1749,4,24523,33005
20230622,1100,1749,1749,1749,1749,10,24523,33001
20230622,1059,1748,1748,1738,1748,182,24523,32991
20230622,1058,1738,1738,1738,1738,500,24341,32991
20230622,1056,1738,1738,1738,1738,181,23841,32991
20230622,1055,1750,1750,1750,1750,18,23660,32991
20230622,1054,1750,1750,1750,1750,112,23660,32973
20230622,1051,1749,1750,1749,1750,134,23660,32861
20230622,1044,1750,1750,1750,1750,180,23660,32727
20230622,1043,1749,1750,1749,1750,2,23660,32547
20230622,1042,1748,1749,1748,1749,500,23660,32545
20230622,1041,1749,1749,1749,1749,50,23413,32292
20230622,1040,1749,1749,1749,1749,300,23413,32242
20230622,1039,1750,1750,1750,1750,1,23413,31942
20230622,1038,1736,1736,1735,1735,40,23413,31941
20230622,1037,1750,1751,1750,1751,154,23373,31941
20230622,1036,1736,1750,1733,1750,3075,23286,31874
20230622,1035,1747,1747,1747,1747,39,21781,30304
20230622,1034,1741,1747,1734,1747,1952,21781,30265
20230622,1033,1747,1747,1747,1747,1,20029,30065
20230622,1032,1748,1748,1748,1748,1,20028,30065
20230622,1031,1741,1741,1741,1741,1,20027,30065
20230622,1030,1750,1750,1740,1740,107,20026,30065
20230622,1029,1749,1749,1749,1749,100,19920,30064
20230622,1028,1743,1743,1739,1739,469,19820,30064
20230622,1027,1749,1749,1747,1747,289,19511,29904
20230622,1026,1750,1750,1750,1750,1,19322,29804
20230622,1025,1749,1749,1749,1749,500,19322,29803
20230622,1024,1751,1751,1751,1751,6,18822,29803
20230622,1023,1750,1751,1750,1751,1142,18822,29797
20230622,1022,1750,1750,1750,1750,10,18822,28655
20230622,1020,1749,1750,1749,1750,123,18822,28645
20230622,1019,1750,1750,1750,1750,259,18813,28531
20230622,1017,1748,1749,1748,1749,510,18813,28272
20230622,1016,1748,1748,1748,1748,274,18803,27772
20230622,1015,1748,1748,1748,1748,1,18793,27508
20230622,1010,1750,1751,1749,1751,461,18793,27507
20230622,1009,1750,1750,1750,1750,210,18468,27371
20230622,1008,1749,1750,1733,1750,3857,18468,27161
20230622,1007,1748,1748,1748,1748,646,15238,26534
20230622,1006,1748,1748,1748,1748,866,15215,25911
20230622,1005,1748,1748,1748,1748,1,15215,25045
20230622,1004,1747,1747,1747,1747,950,15215,25044
20230622,1002,1747,1747,1747,1747,3,14836,24473
20230622,1001,1745,1747,1745,1747,212,14836,24470
20230622,959,1747,1747,1747,1747,10,14836,24258
20230622,958,1748,1748,1748,1748,2,14836,24248
20230622,957,1736,1736,1735,1735,600,14836,24246
20230622,954,1735,1735,1735,1735,300,14236,24246
20230622,953,1739,1740,1735,1735,1969,14078,24104
20230622,952,1739,1739,1739,1739,15,12129,24084
20230622,949,1745,1745,1739,1739,343,12114,24084
20230622,948,1749,1749,1746,1746,406,11776,24079
20230622,947,1749,1750,1746,1749,803,11372,24077
20230622,946,1745,1750,1745,1750,1226,11371,23275
20230622,945,1739,1745,1739,1745,5748,11371,22049
20230622,944,1738,1738,1738,1738,116,11371,16301
20230622,943,1731,1731,1731,1731,10,11371,16185
20230622,942,1732,1738,1731,1738,597,11361,16185
20230622,939,1731,1731,1730,1730,839,10821,16128
20230622,938,1734,1734,1730,1730,411,9982,16128
20230622,937,1734,1734,1734,1734,528,9981,15718
20230622,936,1737,1738,1734,1734,17,9481,15690
20230622,935,1739,1739,1739,1739,509,9470,15684
20230622,934,1736,1739,1735,1739,235,9470,15175
20230622,933,1735,1735,1735,1735,1853,9470,14940
20230622,932,1735,1735,1735,1735,5,9419,13138
20230622,931,1722,1735,1722,1722,74,9419,13133
20230622,930,1722,1737,1722,1737,21,9415,13063
20230622,929,1730,1736,1721,1736,1050,9414,13043
20230622,927,1726,1740,1726,1740,994,8364,13043
20230622,926,1730,1730,1730,1730,14,8264,12149
20230622,925,1735,1735,1731,1731,1300,8254,12145
20230622,924,1738,1738,1738,1738,3,7954,11145
20230622,923,1739,1739,1739,1739,3,7951,11145
20230622,922,1735,1740,1735,1740,1838,7951,11142
20230622,921,1729,1735,1729,1735,573,7951,9304
20230622,920,1722,1729,1721,1729,3676,7951,8731
20230622,919,1721,1722,1721,1722,93,7435,5571
20230622,918,1721,1722,1721,1722,171,7380,5533
20230622,917,1722,1722,1721,1721,50,7265,5477
20230622,916,1721,1722,1721,1722,10,7258,5434
20230622,915,1721,1721,1721,1721,80,7258,5424
20230622,914,1722,1722,1721,1721,3,7258,5344
20230622,913,1718,1722,1707,1721,502,7257,5342
20230622,912,1718,1718,1718,1718,21,6756,5341
20230622,911,1715,1715,1705,1705,558,6756,5320
20230622,910,1712,1723,1712,1723,2412,6198,5320
20230622,909,1712,1712,1708,1708,397,6198,2908
20230622,908,1713,1713,1713,1713,2,6188,2521
20230622,906,1723,1724,1713,1713,2476,6188,2519
20230622,905,1714,1723,1702,1713,2857,4259,1972
20230622,904,1724,1724,1711,1713,561,1495,1879
20230622,903,1720,1724,1712,1724,627,954,1859
20230622,902,1724,1724,1721,1724,458,408,1778
20230622,901,1725,1725,1725,1725,1728,0,1728
