005930,삼성전자
373220,LG에너지솔루션
000660,SK하이닉스
207940,삼성바이오로직스
006400,삼성SDI
051910,LG화학
005380,현대차
000270,기아
005490,POSCO홀딩스
035420,NAVER
003670,포스코퓨처엠
035720,카카오
012330,현대모비스
068270,셀트리온
066570,LG전자
105560,KB금융
028260,삼성물산
055550,신한지주
096770,SK이노베이션
032830,삼성생명
003550,LG
015760,한국전력
329180,HD현대중공업
352820,하이브
033780,KT&G
086790,하나금융지주
034020,두산에너빌리티
323410,카카오뱅크
000810,삼성화재
009150,삼성전기
034730,SK
017670,SK텔레콤
003490,대한항공
011200,HMM
018260,삼성에스디에스
042660,한화오션
010130,고려아연
138040,메리츠금융지주
009540,HD한국조선해양
259960,크래프톤
316140,우리금융지주
024110,기업은행
047050,포스코인터내셔널
030200,KT
086280,현대글로비스
010950,S-Oil
011070,LG이노텍
009830,한화솔루션
051900,LG생활건강
012450,한화에어로스페이스
361610,SK아이이테크놀로지
011170,롯데케미칼
402340,SK스퀘어
010140,삼성중공업
377300,카카오페이
036570,엔씨소프트
241560,두산밥캣
326030,SK바이오팜
302440,SK바이오사이언스
028050,삼성엔지니어링
090430,아모레퍼시픽
034220,LG디스플레이
047810,한국항공우주
005830,DB손해보험
271560,오리온
001570,금양
018880,한온시스템
267250,HD현대
161390,한국타이어앤테크놀로지
032640,LG유플러스
004020,현대제철
000100,유한양행
383220,F&F
006800,미래에셋증권
064350,현대로템
097950,CJ제일제당
011790,SKC
251270,넷마블
000720,현대건설
011780,금호석유
035250,강원랜드
128940,한미약품
112610,씨에스윈드
010620,현대미포조선
029780,삼성카드
078930,GS
021240,코웨이
016360,삼성증권
005940,NH투자증권
180640,한진칼
008770,호텔신라
282330,BGF리테일
006260,LS
272210,한화시스템
111770,영원무역
052690,한전기술
071050,한국금융지주
001450,현대해상
000990,DB하이텍
004990,롯데지주
028670,팬오션
020150,롯데에너지머티리얼즈
004370,농심
204320,HL만도
003410,쌍용C&E
010120,LS ELECTRIC
014680,한솔케미칼
042670,HD현대인프라코어
007070,GS리테일
081660,휠라홀딩스
036460,한국가스공사
039490,키움증권
138930,BNK금융지주
000880,한화
008930,한미사이언스
139480,이마트
088350,한화생명
002790,아모레G
030000,제일기획
012750,에스원
005420,코스모화학
298050,효성첨단소재
005850,에스엘
079550,LIG넥스원
026960,동서
023530,롯데쇼핑
011210,현대위아
004170,신세계
336260,두산퓨얼셀
001040,CJ
010060,OCI홀딩스
004000,롯데정밀화학
002380,KCC
001440,대한전선
175330,JB금융지주
000120,CJ대한통운
047040,대우건설
017800,현대엘리베이
007310,오뚜기
298020,효성티앤씨
000080,하이트진로
051600,한전KPS
000150,두산
120110,코오롱인더
001120,LX인터내셔널
073240,금호타이어
006280,녹십자
139130,DGB금융지주
009900,명신산업
137310,에스디바이오센서
004800,효성
375500,DL이앤씨
001740,SK네트웍스
069960,현대백화점
093370,후성
006360,GS건설
005300,롯데칠성
000240,한국앤컴퍼니
285130,SK케미칼
103140,풍산
271940,일진하이솔루스
069620,대웅제약
161890,한국콜마
014820,동원시스템즈
009420,한올바이오파마
178920,PI첨단소재
192820,코스맥스
009240,한샘
000670,영풍
185750,종근당
010780,아이에스동서
280360,롯데웰푸드
003230,삼양식품
114090,GKL
001800,오리온홀딩스
020560,아시아나항공
016380,KG스틸
006650,대한유화
069260,TKG휴켐스
300720,한일시멘트
019170,신풍제약
105630,한세실업
039130,하나투어
000210,DL
192080,더블유게임즈
008730,율촌화학
032350,롯데관광개발
003090,대웅
294870,HDC현대산업개발
004490,세방전지
381970,케이카
003240,태광산업
005250,녹십자홀딩스
031430,신세계인터내셔날
001680,대상
020000,한섬
003850,보령
057050,현대홈쇼핑
284740,쿠쿠홈시스
013890,지누스
005930,삼성전자
373220,LG에너지솔루션
000660,SK하이닉스
207940,삼성바이오로직스
006400,삼성SDI
051910,LG화학
005380,현대차
000270,기아
005490,POSCO홀딩스
035420,NAVER
003670,포스코퓨처엠
035720,카카오
012330,현대모비스
068270,셀트리온
066570,LG전자
105560,KB금융
028260,삼성물산
055550,신한지주
096770,SK이노베이션
032830,삼성생명
003550,LG
015760,한국전력
329180,HD현대중공업
352820,하이브
033780,KT&G
086790,하나금융지주
034020,두산에너빌리티
323410,카카오뱅크
000810,삼성화재
009150,삼성전기
034730,SK
017670,SK텔레콤
003490,대한항공
011200,HMM
018260,삼성에스디에스
042660,한화오션
010130,고려아연
138040,메리츠금융지주
009540,HD한국조선해양
259960,크래프톤
316140,우리금융지주
024110,기업은행
047050,포스코인터내셔널
030200,KT
086280,현대글로비스
010950,S-Oil
011070,LG이노텍
009830,한화솔루션
051900,LG생활건강
012450,한화에어로스페이스
361610,SK아이이테크놀로지
011170,롯데케미칼
402340,SK스퀘어
010140,삼성중공업
377300,카카오페이
036570,엔씨소프트
241560,두산밥캣
326030,SK바이오팜
302440,SK바이오사이언스
028050,삼성엔지니어링
090430,아모레퍼시픽
034220,LG디스플레이
047810,한국항공우주
005830,DB손해보험
271560,오리온
001570,금양
018880,한온시스템
267250,HD현대
161390,한국타이어앤테크놀로지
032640,LG유플러스
004020,현대제철
000100,유한양행
383220,F&F
006800,미래에셋증권
064350,현대로템
097950,CJ제일제당
011790,SKC
251270,넷마블
000720,현대건설
011780,금호석유
035250,강원랜드
128940,한미약품
112610,씨에스윈드
010620,현대미포조선
029780,삼성카드
078930,GS
021240,코웨이
016360,삼성증권
005940,NH투자증권
180640,한진칼
008770,호텔신라
282330,BGF리테일
006260,LS
272210,한화시스템
111770,영원무역
052690,한전기술
071050,한국금융지주
001450,현대해상
000990,DB하이텍
004990,롯데지주
028670,팬오션
020150,롯데에너지머티리얼즈
004370,농심
204320,HL만도
003410,쌍용C&E
010120,LS ELECTRIC
014680,한솔케미칼
042670,HD현대인프라코어
007070,GS리테일
081660,휠라홀딩스
036460,한국가스공사
039490,키움증권
138930,BNK금융지주
000880,한화
008930,한미사이언스
139480,이마트
088350,한화생명
002790,아모레G
030000,제일기획
012750,에스원
005420,코스모화학
298050,효성첨단소재
005850,에스엘
079550,LIG넥스원
026960,동서
023530,롯데쇼핑
011210,현대위아
004170,신세계
336260,두산퓨얼셀
001040,CJ
010060,OCI홀딩스
004000,롯데정밀화학
002380,KCC
001440,대한전선
175330,JB금융지주
000120,CJ대한통운
047040,대우건설
017800,현대엘리베이
007310,오뚜기
298020,효성티앤씨
000080,하이트진로
051600,한전KPS
000150,두산
120110,코오롱인더
001120,LX인터내셔널
073240,금호타이어
006280,녹십자
139130,DGB금융지주
009900,명신산업
137310,에스디바이오센서
004800,효성
375500,DL이앤씨
001740,SK네트웍스
069960,현대백화점
093370,후성
006360,GS건설
005300,롯데칠성
000240,한국앤컴퍼니
285130,SK케미칼
103140,풍산
271940,일진하이솔루스
069620,대웅제약
161890,한국콜마
014820,동원시스템즈
009420,한올바이오파마
178920,PI첨단소재
192820,코스맥스
009240,한샘
000670,영풍
185750,종근당
010780,아이에스동서
280360,롯데웰푸드
003230,삼양식품
114090,GKL
001800,오리온홀딩스
020560,아시아나항공
016380,KG스틸
006650,대한유화
069260,TKG휴켐스
300720,한일시멘트
019170,신풍제약
105630,한세실업
039130,하나투어
000210,DL
192080,더블유게임즈
008730,율촌화학
032350,롯데관광개발
003090,대웅
294870,HDC현대산업개발
004490,세방전지
381970,케이카
003240,태광산업
005250,녹십자홀딩스
031430,신세계인터내셔날
001680,대상
020000,한섬
003850,보령
057050,현대홈쇼핑
284740,쿠쿠홈시스
013890,지누스
005930,삼성전자
373220,LG에너지솔루션
000660,SK하이닉스
207940,삼성바이오로직스
006400,삼성SDI
051910,LG화학
005380,현대차
000270,기아
005490,POSCO홀딩스
035420,NAVER
003670,포스코퓨처엠
035720,카카오
012330,현대모비스
068270,셀트리온
066570,LG전자
105560,KB금융
028260,삼성물산
055550,신한지주
096770,SK이노베이션
032830,삼성생명
003550,LG
015760,한국전력
329180,HD현대중공업
352820,하이브
033780,KT&G
086790,하나금융지주
034020,두산에너빌리티
323410,카카오뱅크
000810,삼성화재
009150,삼성전기
034730,SK
017670,SK텔레콤
003490,대한항공
011200,HMM
018260,삼성에스디에스
042660,한화오션
010130,고려아연
138040,메리츠금융지주
009540,HD한국조선해양
259960,크래프톤
316140,우리금융지주
024110,기업은행
047050,포스코인터내셔널
030200,KT
086280,현대글로비스
010950,S-Oil
011070,LG이노텍
009830,한화솔루션
051900,LG생활건강
012450,한화에어로스페이스
361610,SK아이이테크놀로지
011170,롯데케미칼
402340,SK스퀘어
010140,삼성중공업
377300,카카오페이
036570,엔씨소프트
241560,두산밥캣
326030,SK바이오팜
302440,SK바이오사이언스
028050,삼성엔지니어링
090430,아모레퍼시픽
034220,LG디스플레이
047810,한국항공우주
005830,DB손해보험
271560,오리온
001570,금양
018880,한온시스템
267250,HD현대
161390,한국타이어앤테크놀로지
032640,LG유플러스
004020,현대제철
000100,유한양행
383220,F&F
006800,미래에셋증권
064350,현대로템
097950,CJ제일제당
011790,SKC
251270,넷마블
000720,현대건설
011780,금호석유
035250,강원랜드
128940,한미약품
112610,씨에스윈드
010620,현대미포조선
029780,삼성카드
078930,GS
021240,코웨이
016360,삼성증권
005940,NH투자증권
180640,한진칼
008770,호텔신라
282330,BGF리테일
006260,LS
272210,한화시스템
111770,영원무역
052690,한전기술
071050,한국금융지주
001450,현대해상
000990,DB하이텍
004990,롯데지주
028670,팬오션
020150,롯데에너지머티리얼즈
004370,농심
204320,HL만도
003410,쌍용C&E
010120,LS ELECTRIC
014680,한솔케미칼
042670,HD현대인프라코어
007070,GS리테일
081660,휠라홀딩스
036460,한국가스공사
039490,키움증권
138930,BNK금융지주
000880,한화
008930,한미사이언스
139480,이마트
088350,한화생명
002790,아모레G
030000,제일기획
012750,에스원
005420,코스모화학
298050,효성첨단소재
005850,에스엘
079550,LIG넥스원
026960,동서
023530,롯데쇼핑
011210,현대위아
004170,신세계
336260,두산퓨얼셀
001040,CJ
010060,OCI홀딩스
004000,롯데정밀화학
002380,KCC
001440,대한전선
175330,JB금융지주
000120,CJ대한통운
047040,대우건설
017800,현대엘리베이
007310,오뚜기
298020,효성티앤씨
000080,하이트진로
051600,한전KPS
000150,두산
120110,코오롱인더
001120,LX인터내셔널
073240,금호타이어
006280,녹십자
139130,DGB금융지주
009900,명신산업
137310,에스디바이오센서
004800,효성
375500,DL이앤씨
001740,SK네트웍스
069960,현대백화점
093370,후성
006360,GS건설
005300,롯데칠성
000240,한국앤컴퍼니
285130,SK케미칼
103140,풍산
271940,일진하이솔루스
069620,대웅제약
161890,한국콜마
014820,동원시스템즈
009420,한올바이오파마
178920,PI첨단소재
192820,코스맥스
009240,한샘
000670,영풍
185750,종근당
010780,아이에스동서
280360,롯데웰푸드
003230,삼양식품
114090,GKL
001800,오리온홀딩스
020560,아시아나항공
016380,KG스틸
006650,대한유화
069260,TKG휴켐스
300720,한일시멘트
019170,신풍제약
105630,한세실업
039130,하나투어
000210,DL
192080,더블유게임즈
008730,율촌화학
032350,롯데관광개발
003090,대웅
294870,HDC현대산업개발
004490,세방전지
381970,케이카
003240,태광산업
005250,녹십자홀딩스
031430,신세계인터내셔날
001680,대상
020000,한섬
003850,보령
057050,현대홈쇼핑
284740,쿠쿠홈시스
013890,지누스
005930,삼성전자
373220,LG에너지솔루션
000660,SK하이닉스
207940,삼성바이오로직스
006400,삼성SDI
051910,LG화학
005380,현대차
000270,기아
005490,POSCO홀딩스
035420,NAVER
003670,포스코퓨처엠
035720,카카오
012330,현대모비스
068270,셀트리온
066570,LG전자
105560,KB금융
028260,삼성물산
055550,신한지주
096770,SK이노베이션
032830,삼성생명
003550,LG
015760,한국전력
329180,HD현대중공업
352820,하이브
033780,KT&G
086790,하나금융지주
034020,두산에너빌리티
323410,카카오뱅크
000810,삼성화재
009150,삼성전기
034730,SK
017670,SK텔레콤
003490,대한항공
011200,HMM
018260,삼성에스디에스
042660,한화오션
010130,고려아연
138040,메리츠금융지주
009540,HD한국조선해양
259960,크래프톤
316140,우리금융지주
024110,기업은행
047050,포스코인터내셔널
030200,KT
086280,현대글로비스
010950,S-Oil
011070,LG이노텍
009830,한화솔루션
051900,LG생활건강
012450,한화에어로스페이스
361610,SK아이이테크놀로지
011170,롯데케미칼
402340,SK스퀘어
010140,삼성중공업
377300,카카오페이
036570,엔씨소프트
241560,두산밥캣
326030,SK바이오팜
302440,SK바이오사이언스
028050,삼성엔지니어링
090430,아모레퍼시픽
034220,LG디스플레이
047810,한국항공우주
005830,DB손해보험
271560,오리온
001570,금양
018880,한온시스템
267250,HD현대
161390,한국타이어앤테크놀로지
032640,LG유플러스
004020,현대제철
000100,유한양행
383220,F&F
006800,미래에셋증권
064350,현대로템
097950,CJ제일제당
011790,SKC
251270,넷마블
000720,현대건설
011780,금호석유
035250,강원랜드
128940,한미약품
112610,씨에스윈드
010620,현대미포조선
029780,삼성카드
078930,GS
021240,코웨이
016360,삼성증권
005940,NH투자증권
180640,한진칼
008770,호텔신라
282330,BGF리테일
006260,LS
272210,한화시스템
111770,영원무역
052690,한전기술
071050,한국금융지주
001450,현대해상
000990,DB하이텍
004990,롯데지주
028670,팬오션
020150,롯데에너지머티리얼즈
004370,농심
204320,HL만도
003410,쌍용C&E
010120,LS ELECTRIC
014680,한솔케미칼
042670,HD현대인프라코어
007070,GS리테일
081660,휠라홀딩스
036460,한국가스공사
039490,키움증권
138930,BNK금융지주
000880,한화
008930,한미사이언스
139480,이마트
088350,한화생명
002790,아모레G
030000,제일기획
012750,에스원
005420,코스모화학
298050,효성첨단소재
005850,에스엘
079550,LIG넥스원
026960,동서
023530,롯데쇼핑
011210,현대위아
004170,신세계
336260,두산퓨얼셀
001040,CJ
010060,OCI홀딩스
004000,롯데정밀화학
002380,KCC
001440,대한전선
175330,JB금융지주
000120,CJ대한통운
047040,대우건설
017800,현대엘리베이
007310,오뚜기
298020,효성티앤씨
000080,하이트진로
051600,한전KPS
000150,두산
120110,코오롱인더
001120,LX인터내셔널
073240,금호타이어
006280,녹십자
139130,DGB금융지주
009900,명신산업
137310,에스디바이오센서
004800,효성
375500,DL이앤씨
001740,SK네트웍스
069960,현대백화점
093370,후성
006360,GS건설
005300,롯데칠성
000240,한국앤컴퍼니
285130,SK케미칼
103140,풍산
271940,일진하이솔루스
069620,대웅제약
161890,한국콜마
014820,동원시스템즈
009420,한올바이오파마
178920,PI첨단소재
192820,코스맥스
009240,한샘
000670,영풍
185750,종근당
010780,아이에스동서
280360,롯데웰푸드
003230,삼양식품
114090,GKL
001800,오리온홀딩스
020560,아시아나항공
016380,KG스틸
006650,대한유화
069260,TKG휴켐스
300720,한일시멘트
019170,신풍제약
105630,한세실업
039130,하나투어
000210,DL
192080,더블유게임즈
008730,율촌화학
032350,롯데관광개발
003090,대웅
294870,HDC현대산업개발
004490,세방전지
381970,케이카
003240,태광산업
005250,녹십자홀딩스
031430,신세계인터내셔날
001680,대상
020000,한섬
003850,보령
057050,현대홈쇼핑
284740,쿠쿠홈시스
013890,지누스
005930,삼성전자
373220,LG에너지솔루션
000660,SK하이닉스
207940,삼성바이오로직스
006400,삼성SDI
051910,LG화학
005380,현대차
000270,기아
005490,POSCO홀딩스
035420,NAVER
003670,포스코퓨처엠
035720,카카오
012330,현대모비스
068270,셀트리온
066570,LG전자
105560,KB금융
028260,삼성물산
055550,신한지주
096770,SK이노베이션
032830,삼성생명
003550,LG
015760,한국전력
329180,HD현대중공업
352820,하이브
033780,KT&G
086790,하나금융지주
034020,두산에너빌리티
323410,카카오뱅크
000810,삼성화재
009150,삼성전기
034730,SK
017670,SK텔레콤
003490,대한항공
011200,HMM
018260,삼성에스디에스
042660,한화오션
010130,고려아연
138040,메리츠금융지주
009540,HD한국조선해양
259960,크래프톤
316140,우리금융지주
024110,기업은행
047050,포스코인터내셔널
030200,KT
086280,현대글로비스
010950,S-Oil
011070,LG이노텍
009830,한화솔루션
051900,LG생활건강
012450,한화에어로스페이스
361610,SK아이이테크놀로지
011170,롯데케미칼
402340,SK스퀘어
010140,삼성중공업
377300,카카오페이
036570,엔씨소프트
241560,두산밥캣
326030,SK바이오팜
302440,SK바이오사이언스
028050,삼성엔지니어링
090430,아모레퍼시픽
034220,LG디스플레이
047810,한국항공우주
005830,DB손해보험
271560,오리온
001570,금양
018880,한온시스템
267250,HD현대
161390,한국타이어앤테크놀로지
032640,LG유플러스
004020,현대제철
000100,유한양행
383220,F&F
006800,미래에셋증권
064350,현대로템
097950,CJ제일제당
011790,SKC
251270,넷마블
000720,현대건설
011780,금호석유
035250,강원랜드
128940,한미약품
112610,씨에스윈드
010620,현대미포조선
029780,삼성카드
078930,GS
021240,코웨이
016360,삼성증권
005940,NH투자증권
180640,한진칼
008770,호텔신라
282330,BGF리테일
006260,LS
272210,한화시스템
111770,영원무역
052690,한전기술
071050,한국금융지주
001450,현대해상
000990,DB하이텍
004990,롯데지주
028670,팬오션
020150,롯데에너지머티리얼즈
004370,농심
204320,HL만도
003410,쌍용C&E
010120,LS ELECTRIC
014680,한솔케미칼
042670,HD현대인프라코어
007070,GS리테일
081660,휠라홀딩스
036460,한국가스공사
039490,키움증권
138930,BNK금융지주
000880,한화
008930,한미사이언스
139480,이마트
088350,한화생명
002790,아모레G
030000,제일기획
012750,에스원
005420,코스모화학
298050,효성첨단소재
005850,에스엘
079550,LIG넥스원
026960,동서
023530,롯데쇼핑
011210,현대위아
004170,신세계
336260,두산퓨얼셀
001040,CJ
010060,OCI홀딩스
004000,롯데정밀화학
002380,KCC
001440,대한전선
175330,JB금융지주
000120,CJ대한통운
047040,대우건설
017800,현대엘리베이
007310,오뚜기
298020,효성티앤씨
000080,하이트진로
051600,한전KPS
000150,두산
120110,코오롱인더
001120,LX인터내셔널
073240,금호타이어
006280,녹십자
139130,DGB금융지주
009900,명신산업
137310,에스디바이오센서
004800,효성
375500,DL이앤씨
001740,SK네트웍스
069960,현대백화점
093370,후성
006360,GS건설
005300,롯데칠성
000240,한국앤컴퍼니
285130,SK케미칼
103140,풍산
271940,일진하이솔루스
069620,대웅제약
161890,한국콜마
014820,동원시스템즈
009420,한올바이오파마
178920,PI첨단소재
192820,코스맥스
009240,한샘
000670,영풍
185750,종근당
010780,아이에스동서
280360,롯데웰푸드
003230,삼양식품
114090,GKL
001800,오리온홀딩스
020560,아시아나항공
016380,KG스틸
006650,대한유화
069260,TKG휴켐스
300720,한일시멘트
019170,신풍제약
105630,한세실업
039130,하나투어
000210,DL
192080,더블유게임즈
008730,율촌화학
032350,롯데관광개발
003090,대웅
294870,HDC현대산업개발
004490,세방전지
381970,케이카
003240,태광산업
005250,녹십자홀딩스
031430,신세계인터내셔날
001680,대상
020000,한섬
003850,보령
057050,현대홈쇼핑
284740,쿠쿠홈시스
013890,지누스
