,날짜,현지시각,시가,고가,저가,종가,거래량
0,20230621,152500,19246.0,19255.0,19231.0,19232.0,331
1,20230621,152000,19238.0,19260.0,19232.0,19245.0,700
2,20230621,151500,19224.0,19238.0,19221.0,19236.0,455
3,20230621,151000,19217.0,19229.0,19201.0,19224.0,377
4,20230621,150500,19215.0,19226.0,19204.0,19219.0,466
5,20230621,150000,19221.0,19224.0,19207.0,19217.0,288
6,20230621,145500,19226.0,19230.0,19214.0,19220.0,300
7,20230621,145000,19230.0,19240.0,19219.0,19226.0,454
8,20230621,144500,19216.0,19230.0,19202.0,19229.0,546
9,20230621,144000,19229.0,19229.0,19210.0,19214.0,450
10,20230621,143500,19243.0,19248.0,19220.0,19229.0,467
11,20230621,143000,19237.0,19249.0,19225.0,19243.0,463
12,20230621,142500,19259.0,19262.0,19236.0,19237.0,444
13,20230621,142000,19262.0,19273.0,19257.0,19258.0,586
14,20230621,141500,19229.0,19262.0,19219.0,19262.0,603
15,20230621,141000,19249.0,19259.0,19214.0,19230.0,971
16,20230621,140500,19259.0,19275.0,19242.0,19249.0,912
17,20230621,140000,19262.0,19266.0,19245.0,19258.0,663
18,20230621,135500,19247.0,19263.0,19226.0,19261.0,760
19,20230621,135000,19227.0,19256.0,19213.0,19244.0,897
20,20230621,134500,19246.0,19254.0,19221.0,19226.0,846
21,20230621,134000,19203.0,19247.0,19202.0,19244.0,1012
22,20230621,133500,19187.0,19212.0,19183.0,19202.0,709
23,20230621,133000,19206.0,19216.0,19183.0,19188.0,1086
24,20230621,132500,19213.0,19220.0,19198.0,19207.0,552
25,20230621,132000,19227.0,19235.0,19208.0,19213.0,506
26,20230621,131500,19203.0,19238.0,19202.0,19227.0,688
27,20230621,131000,19245.0,19246.0,19198.0,19206.0,1180
28,20230621,130500,19238.0,19250.0,19208.0,19246.0,946
29,20230621,130000,19243.0,19243.0,19234.0,19239.0,33
30,20230621,120000,19249.0,19253.0,19239.0,19249.0,263
31,20230621,115500,19235.0,19252.0,19228.0,19249.0,395
32,20230621,115000,19244.0,19246.0,19232.0,19236.0,267
33,20230621,114500,19245.0,19248.0,19234.0,19245.0,219
34,20230621,114000,19250.0,19255.0,19238.0,19245.0,307
35,20230621,113500,19237.0,19256.0,19234.0,19251.0,392
36,20230621,113000,19240.0,19249.0,19224.0,19239.0,472
37,20230621,112500,19237.0,19255.0,19235.0,19240.0,645
38,20230621,112000,19220.0,19247.0,19206.0,19236.0,1220
39,20230621,111500,19237.0,19239.0,19215.0,19220.0,896
40,20230621,111000,19246.0,19254.0,19233.0,19235.0,773
41,20230621,110500,19221.0,19258.0,19214.0,19244.0,1695
42,20230621,110000,19237.0,19244.0,19212.0,19220.0,1589
43,20230621,105500,19268.0,19271.0,19231.0,19238.0,1834
44,20230621,105000,19286.0,19289.0,19263.0,19267.0,1290
45,20230621,104500,19311.0,19312.0,19281.0,19286.0,892
46,20230621,104000,19311.0,19324.0,19294.0,19311.0,847
47,20230621,103500,19344.0,19344.0,19304.0,19312.0,1150
48,20230621,103000,19348.0,19359.0,19334.0,19347.0,926
49,20230621,102500,19363.0,19393.0,19338.0,19346.0,2220
50,20230621,102000,19321.0,19371.0,19320.0,19363.0,1816
51,20230621,101500,19293.0,19320.0,19285.0,19320.0,1285
52,20230621,101000,19284.0,19295.0,19268.0,19291.0,1440
53,20230621,100500,19339.0,19349.0,19275.0,19286.0,2200
54,20230621,100000,19369.0,19371.0,19330.0,19338.0,1199
55,20230621,095500,19366.0,19379.0,19315.0,19370.0,2165
56,20230621,095000,19305.0,19367.0,19284.0,19364.0,2244
57,20230621,094500,19291.0,19323.0,19279.0,19302.0,1940
58,20230621,094000,19371.0,19372.0,19285.0,19292.0,2631
59,20230621,093500,19324.0,19375.0,19301.0,19369.0,2996
60,20230621,093000,19301.0,19331.0,19284.0,19323.0,767
61,20230621,092500,19299.0,19329.0,19295.0,19302.0,1342
62,20230621,092000,19402.0,19402.0,19244.0,19299.0,2872
63,20230621,091500,19390.0,19414.0,19386.0,19400.0,155
64,20230621,030000,19338.0,19352.0,19337.0,19351.0,119
65,20230621,025500,19347.0,19348.0,19336.0,19340.0,53
66,20230621,025000,19334.0,19347.0,19330.0,19347.0,55
67,20230621,024500,19335.0,19335.0,19325.0,19332.0,82
68,20230621,024000,19340.0,19342.0,19333.0,19339.0,50
69,20230621,023500,19345.0,19347.0,19336.0,19336.0,24
70,20230621,023000,19352.0,19354.0,19345.0,19348.0,17
71,20230621,022500,19352.0,19353.0,19343.0,19344.0,28
72,20230621,022000,19345.0,19352.0,19343.0,19352.0,15
73,20230621,021500,19341.0,19346.0,19336.0,19341.0,34
74,20230621,021000,19345.0,19349.0,19341.0,19343.0,27
75,20230621,020500,19350.0,19356.0,19341.0,19341.0,62
76,20230621,020000,19342.0,19356.0,19342.0,19355.0,65
77,20230621,015500,19358.0,19358.0,19342.0,19342.0,30
78,20230621,015000,19347.0,19366.0,19347.0,19361.0,59
79,20230621,014500,19345.0,19355.0,19345.0,19348.0,28
80,20230621,014000,19353.0,19356.0,19344.0,19344.0,60
81,20230621,013500,19353.0,19361.0,19352.0,19357.0,41
82,20230621,013000,19371.0,19373.0,19353.0,19353.0,75
83,20230621,012500,19361.0,19372.0,19360.0,19369.0,119
84,20230621,012000,19340.0,19362.0,19339.0,19361.0,119
85,20230621,011500,19336.0,19341.0,19331.0,19340.0,43
86,20230621,011000,19345.0,19345.0,19330.0,19338.0,77
87,20230621,010500,19352.0,19357.0,19342.0,19345.0,105
88,20230621,010000,19339.0,19354.0,19335.0,19350.0,123
89,20230621,005500,19341.0,19347.0,19335.0,19340.0,63
90,20230621,005000,19342.0,19345.0,19335.0,19340.0,53
91,20230621,004500,19342.0,19346.0,19339.0,19343.0,104
92,20230621,004000,19345.0,19346.0,19333.0,19342.0,110
93,20230621,003500,19338.0,19343.0,19327.0,19343.0,126
94,20230621,003000,19325.0,19338.0,19320.0,19336.0,177
95,20230621,002500,19321.0,19326.0,19314.0,19323.0,107
96,20230621,002000,19310.0,19327.0,19305.0,19321.0,120
97,20230621,001500,19306.0,19321.0,19298.0,19308.0,348
98,20230621,001000,19303.0,19322.0,19302.0,19305.0,200
99,20230621,000500,19325.0,19326.0,19302.0,19303.0,277
100,20230621,000000,19322.0,19333.0,19322.0,19325.0,78
101,20230620,235500,19322.0,19323.0,19317.0,19321.0,137
102,20230620,235000,19321.0,19336.0,19320.0,19321.0,156
103,20230620,234500,19345.0,19347.0,19322.0,19322.0,243
104,20230620,234000,19341.0,19352.0,19341.0,19346.0,81
105,20230620,233500,19337.0,19353.0,19335.0,19342.0,250
106,20230620,233000,19334.0,19341.0,19323.0,19336.0,391
107,20230620,232500,19364.0,19366.0,19332.0,19333.0,419
108,20230620,232000,19357.0,19366.0,19351.0,19364.0,163
109,20230620,231500,19370.0,19371.0,19356.0,19358.0,244
110,20230620,231000,19389.0,19396.0,19368.0,19369.0,213
111,20230620,230500,19367.0,19396.0,19367.0,19390.0,323
112,20230620,230000,19355.0,19376.0,19348.0,19370.0,245
113,20230620,225500,19360.0,19368.0,19336.0,19357.0,427
114,20230620,225000,19382.0,19387.0,19355.0,19363.0,390
115,20230620,224500,19369.0,19396.0,19368.0,19381.0,353
116,20230620,224000,19373.0,19388.0,19367.0,19371.0,333
117,20230620,223500,19360.0,19388.0,19343.0,19376.0,722
118,20230620,223000,19384.0,19389.0,19354.0,19358.0,554
119,20230620,222500,19398.0,19405.0,19378.0,19384.0,700
120,20230620,222000,19430.0,19434.0,19396.0,19401.0,557
121,20230620,221500,19416.0,19444.0,19413.0,19431.0,479
122,20230620,221000,19435.0,19435.0,19405.0,19414.0,558
123,20230620,220500,19451.0,19455.0,19421.0,19437.0,703
124,20230620,220000,19481.0,19481.0,19441.0,19449.0,732
125,20230620,215500,19501.0,19501.0,19469.0,19479.0,467
126,20230620,215000,19492.0,19500.0,19469.0,19500.0,587
127,20230620,214500,19521.0,19523.0,19464.0,19495.0,1335
128,20230620,214000,19569.0,19589.0,19513.0,19523.0,874
129,20230620,213500,19554.0,19585.0,19532.0,19572.0,921
130,20230620,213000,19546.0,19565.0,19545.0,19554.0,93
131,20230620,212500,19550.0,19551.0,19545.0,19548.0,47
132,20230620,212000,19556.0,19558.0,19547.0,19550.0,87
133,20230620,211500,19553.0,19562.0,19552.0,19559.0,35
134,20230620,211000,19559.0,19563.0,19550.0,19553.0,47
135,20230620,210500,19569.0,19572.0,19556.0,19560.0,93
136,20230620,210000,19555.0,19571.0,19555.0,19571.0,85
137,20230620,205500,19550.0,19555.0,19547.0,19555.0,34
138,20230620,205000,19558.0,19560.0,19550.0,19550.0,46
139,20230620,204500,19545.0,19560.0,19545.0,19560.0,47
140,20230620,204000,19550.0,19553.0,19543.0,19545.0,50
141,20230620,203500,19554.0,19559.0,19546.0,19551.0,58
142,20230620,203000,19558.0,19561.0,19554.0,19555.0,49
143,20230620,202500,19552.0,19566.0,19552.0,19560.0,88
144,20230620,202000,19550.0,19557.0,19550.0,19552.0,21
145,20230620,201500,19548.0,19553.0,19543.0,19551.0,29
146,20230620,201000,19540.0,19552.0,19537.0,19551.0,64
147,20230620,200500,19557.0,19557.0,19538.0,19543.0,146
148,20230620,200000,19561.0,19564.0,19555.0,19558.0,53
149,20230620,195500,19562.0,19566.0,19562.0,19562.0,17
150,20230620,195000,19568.0,19569.0,19560.0,19562.0,48
151,20230620,194500,19567.0,19570.0,19567.0,19568.0,12
152,20230620,194000,19563.0,19571.0,19561.0,19569.0,53
153,20230620,193500,19575.0,19575.0,19564.0,19567.0,36
154,20230620,193000,19569.0,19574.0,19568.0,19574.0,19
155,20230620,192500,19569.0,19573.0,19567.0,19568.0,24
156,20230620,192000,19563.0,19570.0,19561.0,19568.0,27
157,20230620,191500,19568.0,19570.0,19563.0,19564.0,28
158,20230620,191000,19570.0,19572.0,19567.0,19567.0,36
159,20230620,190500,19569.0,19571.0,19563.0,19571.0,42
160,20230620,190000,19565.0,19567.0,19563.0,19567.0,20
161,20230620,185500,19567.0,19567.0,19562.0,19565.0,19
162,20230620,185000,19569.0,19569.0,19562.0,19565.0,25
163,20230620,184500,19571.0,19572.0,19567.0,19568.0,25
164,20230620,184000,19568.0,19571.0,19565.0,19569.0,19
165,20230620,183500,19569.0,19573.0,19566.0,19570.0,27
166,20230620,183000,19569.0,19572.0,19566.0,19569.0,28
167,20230620,182500,19570.0,19572.0,19565.0,19568.0,34
168,20230620,182000,19572.0,19573.0,19566.0,19570.0,58
169,20230620,181500,19575.0,19580.0,19572.0,19572.0,73
170,20230620,181000,19562.0,19574.0,19560.0,19574.0,61
171,20230620,180500,19567.0,19567.0,19554.0,19563.0,87
172,20230620,180000,19577.0,19578.0,19565.0,19565.0,38
173,20230620,175500,19574.0,19579.0,19573.0,19577.0,82
174,20230620,175000,19565.0,19578.0,19564.0,19574.0,51
175,20230620,174500,19570.0,19572.0,19564.0,19564.0,41
176,20230620,174000,19564.0,19571.0,19562.0,19571.0,49
177,20230620,173500,19565.0,19568.0,19558.0,19562.0,100
178,20230620,173000,19577.0,19581.0,19562.0,19565.0,97
179,20230620,172500,19581.0,19581.0,19576.0,19577.0,52
180,20230620,172000,19581.0,19584.0,19563.0,19581.0,199
181,20230620,163000,19592.0,19599.0,19581.0,19581.0,449
182,20230620,162500,19599.0,19602.0,19591.0,19593.0,211
183,20230620,162000,19611.0,19613.0,19590.0,19597.0,523
184,20230620,161500,19624.0,19624.0,19599.0,19612.0,449
185,20230620,161000,19633.0,19633.0,19605.0,19624.0,594
186,20230620,160500,19633.0,19649.0,19626.0,19633.0,383
187,20230620,160000,19631.0,19634.0,19618.0,19632.0,618
188,20230620,155500,19651.0,19655.0,19625.0,19629.0,700
189,20230620,155000,19636.0,19651.0,19636.0,19649.0,658
190,20230620,154500,19645.0,19646.0,19625.0,19635.0,318
191,20230620,154000,19623.0,19648.0,19623.0,19646.0,444
192,20230620,153500,19621.0,19626.0,19607.0,19622.0,316
193,20230620,153000,19628.0,19628.0,19616.0,19623.0,249
194,20230620,152500,19618.0,19629.0,19617.0,19624.0,302
195,20230620,152000,19638.0,19640.0,19608.0,19617.0,654
196,20230620,151500,19630.0,19650.0,19628.0,19638.0,763
197,20230620,151000,19621.0,19636.0,19609.0,19631.0,516
198,20230620,150500,19611.0,19628.0,19601.0,19619.0,634
199,20230620,150000,19618.0,19620.0,19601.0,19614.0,370
200,20230620,145500,19610.0,19628.0,19609.0,19616.0,376
201,20230620,145000,19620.0,19625.0,19601.0,19611.0,557
202,20230620,144500,19632.0,19632.0,19608.0,19620.0,608
203,20230620,144000,19590.0,19632.0,19589.0,19631.0,1196
204,20230620,143500,19586.0,19594.0,19563.0,19590.0,824
205,20230620,143000,19580.0,19590.0,19565.0,19584.0,760
206,20230620,142500,19556.0,19582.0,19551.0,19582.0,768
207,20230620,142000,19522.0,19566.0,19522.0,19555.0,890
208,20230620,141500,19544.0,19548.0,19511.0,19521.0,1750
209,20230620,141000,19556.0,19571.0,19540.0,19542.0,1327
210,20230620,140500,19599.0,19601.0,19556.0,19556.0,1010
211,20230620,140000,19586.0,19608.0,19571.0,19599.0,911
212,20230620,135500,19602.0,19606.0,19582.0,19585.0,566
213,20230620,135000,19617.0,19624.0,19593.0,19604.0,615
214,20230620,134500,19627.0,19633.0,19602.0,19618.0,652
215,20230620,134000,19617.0,19636.0,19616.0,19624.0,871
216,20230620,133500,19608.0,19622.0,19600.0,19618.0,653
217,20230620,133000,19601.0,19611.0,19595.0,19606.0,790
218,20230620,132500,19603.0,19604.0,19576.0,19600.0,1375
219,20230620,132000,19642.0,19645.0,19602.0,19603.0,853
220,20230620,131500,19651.0,19657.0,19638.0,19643.0,647
221,20230620,131000,19633.0,19674.0,19633.0,19653.0,1060
222,20230620,130500,19620.0,19653.0,19601.0,19631.0,1069
223,20230620,130000,19619.0,19619.0,19615.0,19615.0,20
224,20230620,120000,19617.0,19626.0,19615.0,19626.0,227
225,20230620,115500,19625.0,19634.0,19610.0,19614.0,317
226,20230620,115000,19639.0,19642.0,19623.0,19627.0,265
227,20230620,114500,19614.0,19642.0,19610.0,19640.0,428
228,20230620,114000,19623.0,19629.0,19614.0,19615.0,366
229,20230620,113500,19597.0,19626.0,19596.0,19624.0,732
230,20230620,113000,19623.0,19627.0,19594.0,19596.0,1168
231,20230620,112500,19648.0,19651.0,19620.0,19623.0,806
232,20230620,112000,19644.0,19655.0,19635.0,19646.0,401
233,20230620,111500,19669.0,19672.0,19641.0,19644.0,516
234,20230620,111000,19651.0,19669.0,19644.0,19664.0,425
235,20230620,110500,19672.0,19675.0,19647.0,19651.0,589
236,20230620,110000,19660.0,19683.0,19652.0,19673.0,781
237,20230620,105500,19680.0,19685.0,19654.0,19660.0,838
238,20230620,105000,19641.0,19682.0,19636.0,19681.0,1203
239,20230620,104500,19633.0,19647.0,19617.0,19641.0,1074
240,20230620,104000,19653.0,19659.0,19625.0,19633.0,1141
241,20230620,103500,19665.0,19687.0,19647.0,19655.0,1359
242,20230620,103000,19677.0,19683.0,19654.0,19664.0,1224
243,20230620,102500,19700.0,19704.0,19667.0,19675.0,1521
244,20230620,102000,19703.0,19725.0,19699.0,19700.0,821
245,20230620,101500,19703.0,19717.0,19689.0,19703.0,980
246,20230620,101000,19721.0,19730.0,19698.0,19702.0,1114
247,20230620,100500,19704.0,19741.0,19698.0,19720.0,1692
248,20230620,100000,19701.0,19716.0,19678.0,19703.0,2218
249,20230620,095500,19750.0,19767.0,19700.0,19700.0,1951
250,20230620,095000,19735.0,19758.0,19709.0,19751.0,2838
251,20230620,094500,19808.0,19808.0,19735.0,19735.0,2995
252,20230620,094000,19855.0,19872.0,19806.0,19808.0,2326
253,20230620,093500,19850.0,19867.0,19818.0,19855.0,1946
254,20230620,093000,19841.0,19853.0,19836.0,19851.0,609
255,20230620,092500,19862.0,19864.0,19828.0,19841.0,1027
256,20230620,092000,19890.0,19905.0,19843.0,19859.0,1840
257,20230620,091500,19878.0,19891.0,19871.0,19880.0,91
258,20230620,030000,19916.0,19918.0,19909.0,19916.0,58
259,20230620,025500,19916.0,19919.0,19912.0,19918.0,39
260,20230620,025000,19920.0,19922.0,19916.0,19920.0,33
261,20230620,024500,19919.0,19921.0,19918.0,19918.0,7
262,20230620,024000,19920.0,19920.0,19920.0,19920.0,1
263,20230620,023500,19918.0,19922.0,19918.0,19922.0,3
264,20230620,023000,19921.0,19921.0,19919.0,19919.0,3
265,20230620,022500,19921.0,19921.0,19921.0,19921.0,1
266,20230620,022000,19921.0,19924.0,19921.0,19924.0,2
267,20230620,021500,19920.0,19924.0,19920.0,19924.0,3
268,20230620,021000,19923.0,19925.0,19920.0,19925.0,5
269,20230620,020500,19920.0,19924.0,19920.0,19924.0,4
270,20230620,020000,19923.0,19923.0,19923.0,19923.0,3
271,20230620,015500,19926.0,19927.0,19923.0,19927.0,10
272,20230620,015000,19925.0,19926.0,19922.0,19922.0,4
273,20230620,014500,19921.0,19926.0,19921.0,19923.0,30
274,20230620,014000,19915.0,19920.0,19915.0,19920.0,19
275,20230620,013500,19915.0,19915.0,19914.0,19915.0,9
276,20230620,013000,19915.0,19918.0,19914.0,19914.0,6
277,20230620,012500,19913.0,19917.0,19913.0,19917.0,3
278,20230620,012000,19919.0,19919.0,19914.0,19918.0,13
279,20230620,011500,19918.0,19919.0,19915.0,19915.0,14
280,20230620,011000,19915.0,19918.0,19915.0,19916.0,10
281,20230620,010500,19914.0,19915.0,19910.0,19912.0,27
282,20230620,010000,19915.0,19916.0,19910.0,19915.0,25
283,20230620,005500,19914.0,19918.0,19914.0,19915.0,60
284,20230620,005000,19905.0,19913.0,19905.0,19913.0,17
285,20230620,004500,19904.0,19909.0,19904.0,19909.0,15
286,20230620,004000,19904.0,19908.0,19902.0,19905.0,21
287,20230620,003500,19909.0,19911.0,19905.0,19907.0,25
288,20230620,003000,19904.0,19909.0,19902.0,19909.0,24
289,20230620,002500,19906.0,19908.0,19905.0,19906.0,18
290,20230620,002000,19910.0,19913.0,19908.0,19909.0,20
291,20230620,001500,19914.0,19916.0,19906.0,19909.0,29
292,20230620,001000,19911.0,19915.0,19909.0,19913.0,56
293,20230620,000500,19904.0,19912.0,19902.0,19912.0,37
294,20230620,000000,19900.0,19907.0,19900.0,19907.0,15
295,20230619,235500,19904.0,19906.0,19900.0,19900.0,15
296,20230619,235000,19905.0,19907.0,19902.0,19903.0,25
297,20230619,234500,19896.0,19908.0,19896.0,19907.0,73
298,20230619,234000,19899.0,19901.0,19893.0,19896.0,43
299,20230619,233500,19894.0,19903.0,19894.0,19901.0,44
300,20230619,233000,19905.0,19906.0,19889.0,19892.0,121
301,20230619,232500,19901.0,19905.0,19898.0,19902.0,68
302,20230619,232000,19906.0,19909.0,19901.0,19902.0,48
303,20230619,231500,19905.0,19913.0,19905.0,19905.0,39
304,20230619,231000,19908.0,19908.0,19897.0,19905.0,59
305,20230619,230500,19911.0,19912.0,19904.0,19911.0,74
306,20230619,230000,19917.0,19918.0,19911.0,19911.0,29
307,20230619,225500,19919.0,19920.0,19912.0,19917.0,70
308,20230619,225000,19919.0,19923.0,19919.0,19919.0,43
309,20230619,224500,19917.0,19921.0,19913.0,19920.0,49
310,20230619,224000,19911.0,19916.0,19909.0,19915.0,50
311,20230619,223500,19918.0,19920.0,19906.0,19909.0,79
312,20230619,223000,19910.0,19921.0,19907.0,19918.0,78
313,20230619,222500,19904.0,19912.0,19901.0,19911.0,80
314,20230619,222000,19892.0,19906.0,19892.0,19901.0,120
315,20230619,221500,19900.0,19900.0,19892.0,19892.0,85
316,20230619,221000,19894.0,19900.0,19890.0,19900.0,102
317,20230619,220500,19901.0,19904.0,19893.0,19896.0,150
318,20230619,220000,19914.0,19914.0,19897.0,19901.0,125
319,20230619,215500,19917.0,19917.0,19910.0,19913.0,65
320,20230619,215000,19917.0,19918.0,19909.0,19917.0,130
321,20230619,214500,19915.0,19922.0,19911.0,19917.0,79
322,20230619,214000,19935.0,19937.0,19906.0,19915.0,250
323,20230619,213500,19891.0,19934.0,19890.0,19933.0,398
324,20230619,213000,19894.0,19896.0,19883.0,19891.0,68
325,20230619,212500,19895.0,19898.0,19891.0,19895.0,70
326,20230619,212000,19896.0,19900.0,19888.0,19895.0,138
327,20230619,211500,19906.0,19906.0,19893.0,19897.0,118
328,20230619,211000,19909.0,19909.0,19903.0,19904.0,28
329,20230619,210500,19915.0,19915.0,19908.0,19908.0,55
330,20230619,210000,19917.0,19917.0,19913.0,19916.0,26
331,20230619,205500,19915.0,19919.0,19914.0,19916.0,60
332,20230619,205000,19900.0,19916.0,19900.0,19913.0,59
333,20230619,204500,19908.0,19908.0,19900.0,19900.0,36
334,20230619,204000,19908.0,19914.0,19907.0,19910.0,39
335,20230619,203500,19906.0,19910.0,19905.0,19907.0,24
336,20230619,203000,19912.0,19914.0,19904.0,19908.0,51
337,20230619,202500,19901.0,19911.0,19900.0,19910.0,32
338,20230619,202000,19910.0,19912.0,19902.0,19902.0,36
339,20230619,201500,19907.0,19913.0,19907.0,19912.0,45
340,20230619,201000,19918.0,19918.0,19903.0,19905.0,144
341,20230619,200500,19919.0,19922.0,19918.0,19918.0,37
342,20230619,200000,19921.0,19921.0,19917.0,19919.0,25
343,20230619,195500,19918.0,19923.0,19917.0,19923.0,24
344,20230619,195000,19921.0,19926.0,19920.0,19920.0,43
345,20230619,194500,19932.0,19932.0,19921.0,19921.0,34
346,20230619,194000,19931.0,19935.0,19930.0,19931.0,30
347,20230619,193500,19933.0,19938.0,19932.0,19932.0,31
348,20230619,193000,19931.0,19934.0,19928.0,19934.0,31
349,20230619,192500,19929.0,19930.0,19927.0,19929.0,27
350,20230619,192000,19926.0,19931.0,19926.0,19929.0,29
351,20230619,191500,19918.0,19926.0,19918.0,19924.0,40
352,20230619,191000,19929.0,19930.0,19916.0,19920.0,87
353,20230619,190500,19929.0,19930.0,19926.0,19930.0,31
354,20230619,190000,19932.0,19934.0,19927.0,19929.0,33
355,20230619,185500,19924.0,19931.0,19922.0,19931.0,48
356,20230619,185000,19938.0,19938.0,19923.0,19925.0,81
357,20230619,184500,19940.0,19944.0,19937.0,19938.0,25
358,20230619,184000,19938.0,19939.0,19934.0,19939.0,27
359,20230619,183500,19936.0,19938.0,19935.0,19938.0,23
360,20230619,183000,19936.0,19936.0,19930.0,19935.0,26
361,20230619,182500,19930.0,19937.0,19930.0,19933.0,40
362,20230619,182000,19940.0,19940.0,19930.0,19930.0,68
363,20230619,181500,19952.0,19953.0,19938.0,19939.0,60
364,20230619,181000,19946.0,19949.0,19938.0,19949.0,66
365,20230619,180500,19948.0,19953.0,19945.0,19946.0,37
366,20230619,180000,19944.0,19953.0,19942.0,19950.0,53
367,20230619,175500,19953.0,19958.0,19943.0,19943.0,65
368,20230619,175000,19943.0,19957.0,19943.0,19954.0,78
369,20230619,174500,19940.0,19948.0,19940.0,19944.0,60
370,20230619,174000,19943.0,19943.0,19939.0,19942.0,48
371,20230619,173500,19949.0,19951.0,19937.0,19942.0,99
372,20230619,173000,19962.0,19962.0,19947.0,19950.0,143
373,20230619,172500,19952.0,19977.0,19948.0,19962.0,255
374,20230619,172000,19905.0,19962.0,19894.0,19953.0,532
375,20230619,163000,19906.0,19926.0,19895.0,19895.0,600
376,20230619,162500,19896.0,19906.0,19880.0,19905.0,309
377,20230619,162000,19902.0,19909.0,19895.0,19898.0,360
378,20230619,161500,19903.0,19905.0,19890.0,19902.0,250
379,20230619,161000,19893.0,19914.0,19891.0,19903.0,1414
380,20230619,160500,19895.0,19904.0,19891.0,19895.0,300
381,20230619,160000,19890.0,19902.0,19889.0,19895.0,384
382,20230619,155500,19892.0,19897.0,19876.0,19891.0,464
383,20230619,155000,19906.0,19908.0,19884.0,19893.0,573
384,20230619,154500,19917.0,19919.0,19898.0,19905.0,757
385,20230619,154000,19922.0,19975.0,19915.0,19918.0,1897
386,20230619,153500,19883.0,19928.0,19882.0,19923.0,1273
387,20230619,153000,19886.0,19899.0,19876.0,19882.0,1014
388,20230619,152500,19855.0,19886.0,19851.0,19886.0,996
389,20230619,152000,19840.0,19860.0,19840.0,19856.0,356
390,20230619,151500,19833.0,19851.0,19829.0,19841.0,343
391,20230619,151000,19835.0,19836.0,19819.0,19834.0,437
392,20230619,150500,19844.0,19858.0,19830.0,19835.0,835
393,20230619,150000,19831.0,19848.0,19828.0,19844.0,610
394,20230619,145500,19813.0,19830.0,19812.0,19830.0,275
395,20230619,145000,19824.0,19833.0,19811.0,19815.0,345
396,20230619,144500,19813.0,19831.0,19811.0,19823.0,527
397,20230619,144000,19800.0,19813.0,19793.0,19813.0,400
398,20230619,143500,19796.0,19810.0,19783.0,19799.0,1210
399,20230619,143000,19814.0,19821.0,19797.0,19797.0,394
400,20230619,142500,19833.0,19835.0,19809.0,19812.0,494
401,20230619,142000,19821.0,19835.0,19815.0,19833.0,321
402,20230619,141500,19819.0,19839.0,19812.0,19824.0,820
403,20230619,141000,19800.0,19819.0,19795.0,19818.0,428
404,20230619,140500,19814.0,19826.0,19799.0,19799.0,406
405,20230619,140000,19806.0,19830.0,19797.0,19817.0,757
406,20230619,135500,19821.0,19823.0,19793.0,19806.0,620
407,20230619,135000,19802.0,19829.0,19799.0,19821.0,712
408,20230619,134500,19791.0,19813.0,19790.0,19802.0,522
409,20230619,134000,19808.0,19809.0,19788.0,19792.0,604
410,20230619,133500,19810.0,19818.0,19797.0,19810.0,870
411,20230619,133000,19777.0,19811.0,19764.0,19811.0,1285
412,20230619,132500,19742.0,19779.0,19738.0,19779.0,696
413,20230619,132000,19760.0,19763.0,19732.0,19744.0,547
414,20230619,131500,19748.0,19765.0,19741.0,19760.0,757
415,20230619,131000,19735.0,19753.0,19727.0,19749.0,643
416,20230619,130500,19730.0,19756.0,19724.0,19734.0,851
417,20230619,130000,19728.0,19730.0,19728.0,19730.0,46
418,20230619,120000,19754.0,19755.0,19721.0,19730.0,817
419,20230619,115500,19755.0,19763.0,19738.0,19753.0,939
420,20230619,115000,19780.0,19780.0,19751.0,19753.0,890
421,20230619,114500,19778.0,19787.0,19768.0,19778.0,572
422,20230619,114000,19813.0,19813.0,19770.0,19780.0,919
423,20230619,113500,19793.0,19819.0,19787.0,19810.0,507
424,20230619,113000,19802.0,19805.0,19790.0,19793.0,547
425,20230619,112500,19823.0,19825.0,19798.0,19803.0,501
426,20230619,112000,19796.0,19823.0,19794.0,19823.0,1093
427,20230619,111500,19833.0,19833.0,19787.0,19797.0,1845
428,20230619,111000,19853.0,19859.0,19826.0,19834.0,1012
429,20230619,110500,19864.0,19880.0,19847.0,19852.0,690
430,20230619,110000,19869.0,19873.0,19857.0,19866.0,423
431,20230619,105500,19863.0,19872.0,19841.0,19869.0,591
432,20230619,105000,19848.0,19874.0,19841.0,19862.0,580
433,20230619,104500,19846.0,19875.0,19843.0,19850.0,785
434,20230619,104000,19856.0,19863.0,19842.0,19846.0,1200
435,20230619,103500,19893.0,19895.0,19850.0,19856.0,1609
436,20230619,103000,19883.0,19906.0,19883.0,19893.0,1260
437,20230619,102500,19862.0,19885.0,19860.0,19885.0,919
438,20230619,102000,19875.0,19887.0,19861.0,19863.0,1049
439,20230619,101500,19897.0,19910.0,19871.0,19876.0,1297
440,20230619,101000,19903.0,19911.0,19881.0,19896.0,1405
441,20230619,100500,19933.0,19946.0,19896.0,19905.0,1238
442,20230619,100000,19923.0,19941.0,19902.0,19935.0,1047
443,20230619,095500,19932.0,19952.0,19914.0,19923.0,1499
444,20230619,095000,19918.0,19935.0,19900.0,19931.0,1895
445,20230619,094500,19990.0,19998.0,19915.0,19919.0,2230
446,20230619,094000,19974.0,19994.0,19954.0,19989.0,1929
447,20230619,093500,20008.0,20027.0,19965.0,19973.0,2418
448,20230619,093000,20001.0,20019.0,19995.0,20009.0,521
449,20230619,092500,20006.0,20018.0,19999.0,20002.0,409
450,20230619,092000,19957.0,20025.0,19957.0,20009.0,1270
451,20230619,091500,19996.0,19996.0,19957.0,19957.0,86
452,20230617,030000,19998.0,20004.0,19986.0,19989.0,96
453,20230617,025500,20000.0,20002.0,19992.0,19996.0,96
454,20230617,025000,20007.0,20013.0,19998.0,19998.0,45
455,20230617,024500,19999.0,20010.0,19999.0,20008.0,46
456,20230617,024000,19989.0,20001.0,19985.0,20000.0,34
457,20230617,023500,19994.0,19996.0,19984.0,19991.0,65
458,20230617,023000,19991.0,19994.0,19987.0,19994.0,49
459,20230617,022500,19993.0,19993.0,19988.0,19991.0,32
460,20230617,022000,19996.0,19997.0,19988.0,19993.0,37
461,20230617,021500,20000.0,20000.0,19994.0,19994.0,16
462,20230617,021000,19992.0,20000.0,19991.0,20000.0,17
463,20230617,020500,20002.0,20002.0,19992.0,19994.0,31
464,20230617,020000,20006.0,20006.0,19991.0,20002.0,43
465,20230617,015500,19995.0,20010.0,19995.0,20007.0,32
466,20230617,015000,19999.0,20003.0,19993.0,19995.0,38
467,20230617,014500,20010.0,20010.0,19996.0,19999.0,34
468,20230617,014000,20006.0,20007.0,20002.0,20006.0,31
469,20230617,013500,20007.0,20014.0,20004.0,20011.0,35
470,20230617,013000,20009.0,20021.0,20006.0,20007.0,59
471,20230617,012500,20012.0,20012.0,19997.0,20009.0,50
472,20230617,012000,20001.0,20016.0,20001.0,20014.0,102
473,20230617,011500,19994.0,20001.0,19990.0,20000.0,66
474,20230617,011000,20007.0,20011.0,19990.0,19993.0,135
475,20230617,010500,20022.0,20024.0,20007.0,20007.0,99
476,20230617,010000,20024.0,20028.0,20022.0,20024.0,66
477,20230617,005500,20014.0,20029.0,20014.0,20023.0,174
478,20230617,005000,20006.0,20013.0,19996.0,20013.0,99
479,20230617,004500,19996.0,20008.0,19996.0,20004.0,126
480,20230617,004000,20000.0,20002.0,19991.0,19999.0,100
481,20230617,003500,19986.0,20000.0,19986.0,20000.0,91
482,20230617,003000,19993.0,19996.0,19985.0,19985.0,105
483,20230617,002500,19992.0,20002.0,19987.0,19991.0,233
484,20230617,002000,19972.0,19995.0,19971.0,19993.0,168
485,20230617,001500,19970.0,19975.0,19967.0,19972.0,135
486,20230617,001000,19963.0,19972.0,19960.0,19969.0,96
487,20230617,000500,19969.0,19974.0,19958.0,19962.0,150
488,20230617,000000,19955.0,19972.0,19952.0,19972.0,197
489,20230616,235500,19949.0,19959.0,19933.0,19955.0,341
490,20230616,235000,19959.0,19969.0,19948.0,19948.0,236
491,20230616,234500,19958.0,19962.0,19937.0,19958.0,508
492,20230616,234000,19997.0,19997.0,19947.0,19956.0,410
493,20230616,233500,19994.0,20011.0,19994.0,19996.0,197
494,20230616,233000,20005.0,20008.0,19977.0,19993.0,292
495,20230616,232500,20020.0,20027.0,19998.0,20003.0,333
496,20230616,232000,20012.0,20030.0,20012.0,20020.0,276
497,20230616,231500,20020.0,20022.0,19998.0,20007.0,295
498,20230616,231000,20009.0,20020.0,19996.0,20018.0,211
499,20230616,230500,19991.0,20015.0,19983.0,20008.0,211
500,20230616,230000,20000.0,20015.0,19987.0,19990.0,383
501,20230616,225500,19983.0,20000.0,19979.0,19999.0,309
502,20230616,225000,19983.0,19990.0,19946.0,19986.0,710
503,20230616,224500,20021.0,20021.0,19980.0,19984.0,538
504,20230616,224000,20051.0,20053.0,20008.0,20023.0,602
505,20230616,223500,20017.0,20054.0,20009.0,20052.0,841
506,20230616,223000,19977.0,20019.0,19962.0,20019.0,669
507,20230616,222500,19977.0,19982.0,19953.0,19976.0,807
508,20230616,222000,19996.0,20013.0,19969.0,19976.0,1018
509,20230616,221500,20053.0,20058.0,19997.0,19998.0,830
510,20230616,221000,20073.0,20084.0,20045.0,20053.0,418
511,20230616,220500,20041.0,20075.0,20033.0,20074.0,532
512,20230616,220000,20048.0,20056.0,20032.0,20056.0,454
513,20230616,215500,20074.0,20085.0,20042.0,20045.0,470
514,20230616,215000,20094.0,20094.0,20039.0,20072.0,857
515,20230616,214500,20105.0,20122.0,20074.0,20094.0,738
516,20230616,214000,20100.0,20108.0,20059.0,20105.0,1014
517,20230616,213500,20172.0,20172.0,20071.0,20097.0,1803
518,20230616,213000,20177.0,20182.0,20161.0,20170.0,182
519,20230616,212500,20188.0,20193.0,20173.0,20177.0,124
520,20230616,212000,20173.0,20189.0,20172.0,20189.0,120
521,20230616,211500,20173.0,20174.0,20164.0,20174.0,154
522,20230616,211000,20182.0,20184.0,20174.0,20175.0,77
523,20230616,210500,20189.0,20189.0,20172.0,20180.0,117
524,20230616,210000,20190.0,20191.0,20183.0,20189.0,47
525,20230616,205500,20197.0,20197.0,20182.0,20190.0,247
526,20230616,205000,20202.0,20203.0,20195.0,20197.0,87
527,20230616,204500,20198.0,20203.0,20196.0,20200.0,74
528,20230616,204000,20201.0,20203.0,20196.0,20200.0,144
529,20230616,203500,20195.0,20204.0,20194.0,20201.0,305
530,20230616,203000,20186.0,20195.0,20185.0,20194.0,164
531,20230616,202500,20184.0,20189.0,20183.0,20185.0,58
532,20230616,202000,20184.0,20188.0,20182.0,20185.0,70
533,20230616,201500,20183.0,20189.0,20181.0,20183.0,191
534,20230616,201000,20181.0,20185.0,20175.0,20183.0,96
535,20230616,200500,20178.0,20183.0,20173.0,20181.0,74
536,20230616,200000,20178.0,20182.0,20175.0,20177.0,71
537,20230616,195500,20167.0,20177.0,20166.0,20177.0,109
538,20230616,195000,20161.0,20170.0,20161.0,20170.0,47
539,20230616,194500,20156.0,20160.0,20154.0,20158.0,28
540,20230616,194000,20159.0,20162.0,20154.0,20157.0,47
541,20230616,193500,20156.0,20160.0,20154.0,20159.0,38
542,20230616,193000,20151.0,20157.0,20142.0,20154.0,130
543,20230616,192500,20162.0,20165.0,20147.0,20150.0,129
544,20230616,192000,20171.0,20172.0,20160.0,20161.0,60
545,20230616,191500,20160.0,20169.0,20159.0,20168.0,52
546,20230616,191000,20174.0,20176.0,20161.0,20161.0,61
547,20230616,190500,20168.0,20173.0,20164.0,20172.0,50
548,20230616,190000,20168.0,20173.0,20166.0,20169.0,48
549,20230616,185500,20166.0,20168.0,20158.0,20168.0,42
550,20230616,185000,20166.0,20169.0,20163.0,20167.0,25
551,20230616,184500,20165.0,20169.0,20160.0,20166.0,42
552,20230616,184000,20161.0,20164.0,20159.0,20164.0,23
553,20230616,183500,20158.0,20167.0,20152.0,20163.0,93
554,20230616,183000,20170.0,20171.0,20157.0,20158.0,89
555,20230616,182500,20161.0,20170.0,20152.0,20170.0,108
556,20230616,182000,20172.0,20172.0,20156.0,20160.0,177
557,20230616,181500,20181.0,20185.0,20172.0,20172.0,96
558,20230616,181000,20177.0,20186.0,20172.0,20180.0,202
559,20230616,180500,20194.0,20195.0,20176.0,20178.0,151
560,20230616,180000,20177.0,20195.0,20172.0,20194.0,213
561,20230616,175500,20166.0,20183.0,20166.0,20175.0,161
562,20230616,175000,20165.0,20165.0,20157.0,20165.0,39
563,20230616,174500,20155.0,20168.0,20154.0,20165.0,101
564,20230616,174000,20151.0,20160.0,20148.0,20154.0,104
565,20230616,173500,20167.0,20167.0,20147.0,20150.0,209
566,20230616,173000,20173.0,20173.0,20162.0,20167.0,120
567,20230616,172500,20185.0,20185.0,20161.0,20175.0,326
568,20230616,172000,20133.0,20187.0,20125.0,20187.0,507
569,20230616,163000,20116.0,20132.0,20112.0,20125.0,624
570,20230616,162500,20116.0,20120.0,20097.0,20118.0,463
571,20230616,162000,20086.0,20119.0,20083.0,20117.0,842
572,20230616,161500,20055.0,20089.0,20054.0,20088.0,743
573,20230616,161000,20032.0,20065.0,20026.0,20053.0,1137
574,20230616,160500,20019.0,20042.0,20005.0,20030.0,654
575,20230616,160000,20020.0,20033.0,20017.0,20020.0,513
576,20230616,155500,20015.0,20025.0,20003.0,20020.0,504
577,20230616,155000,20014.0,20017.0,19995.0,20017.0,468
578,20230616,154500,20007.0,20020.0,20000.0,20015.0,636
579,20230616,154000,20020.0,20023.0,19982.0,20008.0,1582
580,20230616,153500,20061.0,20062.0,20020.0,20020.0,790
581,20230616,153000,20037.0,20068.0,20034.0,20059.0,686
582,20230616,152500,20048.0,20073.0,20038.0,20039.0,920
583,20230616,152000,20059.0,20060.0,20043.0,20050.0,870
584,20230616,151500,20081.0,20087.0,20057.0,20059.0,794
585,20230616,151000,20092.0,20094.0,20061.0,20084.0,1206
586,20230616,150500,20110.0,20121.0,20086.0,20094.0,1062
587,20230616,150000,20129.0,20131.0,20106.0,20110.0,742
588,20230616,145500,20158.0,20159.0,20126.0,20130.0,658
589,20230616,145000,20172.0,20177.0,20155.0,20159.0,391
590,20230616,144500,20157.0,20183.0,20143.0,20170.0,729
591,20230616,144000,20173.0,20184.0,20145.0,20155.0,860
592,20230616,143500,20149.0,20175.0,20138.0,20170.0,749
593,20230616,143000,20134.0,20152.0,20132.0,20149.0,400
594,20230616,142500,20129.0,20150.0,20128.0,20135.0,684
595,20230616,142000,20112.0,20135.0,20098.0,20128.0,711
596,20230616,141500,20102.0,20129.0,20098.0,20110.0,591
597,20230616,141000,20137.0,20148.0,20096.0,20102.0,831
598,20230616,140500,20123.0,20155.0,20116.0,20136.0,1144
599,20230616,140000,20125.0,20131.0,20100.0,20126.0,1468
600,20230616,135500,20173.0,20176.0,20122.0,20125.0,1324
601,20230616,135000,20143.0,20174.0,20136.0,20174.0,1117
602,20230616,134500,20100.0,20163.0,20093.0,20145.0,1956
603,20230616,134000,20110.0,20120.0,20093.0,20103.0,1065
604,20230616,133500,20076.0,20111.0,20064.0,20109.0,1446
605,20230616,133000,20051.0,20092.0,20051.0,20076.0,1628
606,20230616,132500,20028.0,20054.0,20025.0,20052.0,1168
607,20230616,132000,20013.0,20029.0,20011.0,20027.0,845
608,20230616,131500,19986.0,20014.0,19980.0,20012.0,631
609,20230616,131000,19995.0,20020.0,19983.0,19987.0,1332
610,20230616,130500,19980.0,19995.0,19961.0,19995.0,852
611,20230616,130000,19980.0,19980.0,19974.0,19974.0,21
612,20230616,120000,19971.0,19984.0,19971.0,19980.0,451
613,20230616,115500,19980.0,19980.0,19969.0,19972.0,353
614,20230616,115000,19987.0,19990.0,19973.0,19981.0,244
615,20230616,114500,19986.0,20000.0,19983.0,19988.0,419
616,20230616,114000,19980.0,19989.0,19966.0,19987.0,578
617,20230616,113500,19976.0,20004.0,19973.0,19979.0,859
618,20230616,113000,19975.0,19995.0,19967.0,19973.0,863
619,20230616,112500,19951.0,19974.0,19949.0,19973.0,440
620,20230616,112000,19971.0,19983.0,19946.0,19950.0,646
621,20230616,111500,19982.0,19986.0,19964.0,19971.0,640
622,20230616,111000,19971.0,19985.0,19960.0,19981.0,824
623,20230616,110500,19939.0,19975.0,19936.0,19970.0,738
624,20230616,110000,19937.0,19942.0,19919.0,19939.0,606
625,20230616,105500,19958.0,19958.0,19933.0,19937.0,633
626,20230616,105000,19969.0,19971.0,19948.0,19958.0,584
627,20230616,104500,19950.0,19971.0,19948.0,19968.0,848
628,20230616,104000,19932.0,19954.0,19919.0,19952.0,789
629,20230616,103500,19938.0,19948.0,19911.0,19932.0,1118
630,20230616,103000,19946.0,19969.0,19935.0,19936.0,1207
631,20230616,102500,19929.0,19953.0,19918.0,19946.0,1214
632,20230616,102000,19902.0,19935.0,19889.0,19926.0,1303
633,20230616,101500,19900.0,19912.0,19883.0,19903.0,1036
634,20230616,101000,19905.0,19928.0,19890.0,19900.0,1295
635,20230616,100500,19954.0,19959.0,19900.0,19907.0,2173
636,20230616,100000,19965.0,19986.0,19944.0,19953.0,1341
637,20230616,095500,19971.0,19993.0,19943.0,19964.0,1960
638,20230616,095000,19958.0,19987.0,19954.0,19973.0,1691
639,20230616,094500,19948.0,19974.0,19915.0,19960.0,1977
640,20230616,094000,19902.0,19967.0,19889.0,19949.0,2485
641,20230616,093500,19912.0,19937.0,19873.0,19901.0,2240
642,20230616,093000,19905.0,19933.0,19887.0,19913.0,883
643,20230616,092500,19906.0,19915.0,19880.0,19903.0,756
644,20230616,092000,19927.0,19950.0,19884.0,19909.0,1567
645,20230616,091500,19919.0,19930.0,19919.0,19930.0,122
646,20230616,030000,19967.0,19967.0,19952.0,19953.0,121
647,20230616,025500,19970.0,19972.0,19966.0,19966.0,50
648,20230616,025000,19962.0,19974.0,19958.0,19971.0,106
649,20230616,024500,19958.0,19965.0,19957.0,19961.0,48
650,20230616,024000,19955.0,19958.0,19954.0,19955.0,38
651,20230616,023500,19955.0,19959.0,19952.0,19954.0,40
652,20230616,023000,19952.0,19956.0,19950.0,19956.0,16
653,20230616,022500,19940.0,19954.0,19938.0,19954.0,21
654,20230616,022000,19946.0,19946.0,19944.0,19944.0,10
655,20230616,021500,19943.0,19946.0,19939.0,19945.0,15
656,20230616,021000,19951.0,19951.0,19941.0,19942.0,22
657,20230616,020500,19951.0,19955.0,19948.0,19952.0,16
658,20230616,020000,19950.0,19953.0,19948.0,19949.0,29
659,20230616,015500,19953.0,19953.0,19946.0,19952.0,17
660,20230616,015000,19950.0,19954.0,19946.0,19953.0,21
661,20230616,014500,19936.0,19949.0,19936.0,19947.0,39
662,20230616,014000,19946.0,19947.0,19936.0,19936.0,20
663,20230616,013500,19951.0,19952.0,19945.0,19945.0,35
664,20230616,013000,19947.0,19951.0,19943.0,19951.0,17
665,20230616,012500,19937.0,19948.0,19936.0,19948.0,38
666,20230616,012000,19932.0,19938.0,19932.0,19937.0,23
667,20230616,011500,19941.0,19942.0,19935.0,19935.0,60
668,20230616,011000,19945.0,19950.0,19938.0,19938.0,22
669,20230616,010500,19955.0,19957.0,19946.0,19946.0,31
670,20230616,010000,19935.0,19958.0,19935.0,19955.0,73
671,20230616,005500,19938.0,19943.0,19935.0,19938.0,32
672,20230616,005000,19944.0,19944.0,19933.0,19940.0,88
673,20230616,004500,19950.0,19953.0,19945.0,19945.0,34
674,20230616,004000,19948.0,19955.0,19943.0,19952.0,53
675,20230616,003500,19958.0,19959.0,19944.0,19947.0,71
676,20230616,003000,19958.0,19960.0,19953.0,19959.0,103
677,20230616,002500,19956.0,19963.0,19955.0,19959.0,110
678,20230616,002000,19957.0,19965.0,19955.0,19958.0,137
679,20230616,001500,19948.0,19956.0,19943.0,19955.0,235
680,20230616,001000,19929.0,19948.0,19926.0,19947.0,116
681,20230616,000500,19925.0,19950.0,19925.0,19932.0,311
682,20230616,000000,19931.0,19934.0,19921.0,19927.0,108
683,20230615,235500,19926.0,19933.0,19922.0,19932.0,76
684,20230615,235000,19938.0,19942.0,19927.0,19928.0,185
685,20230615,234500,19919.0,19940.0,19918.0,19937.0,270
686,20230615,234000,19909.0,19918.0,19907.0,19918.0,106
687,20230615,233500,19916.0,19918.0,19893.0,19912.0,143
688,20230615,233000,19915.0,19922.0,19906.0,19919.0,176
689,20230615,232500,19908.0,19916.0,19907.0,19914.0,173
690,20230615,232000,19880.0,19910.0,19878.0,19907.0,195
691,20230615,231500,19881.0,19885.0,19869.0,19880.0,238
692,20230615,231000,19924.0,19924.0,19875.0,19887.0,252
693,20230615,230500,19914.0,19926.0,19899.0,19922.0,338
694,20230615,230000,19883.0,19916.0,19871.0,19916.0,346
695,20230615,225500,19881.0,19904.0,19846.0,19885.0,631
696,20230615,225000,19871.0,19887.0,19858.0,19883.0,225
697,20230615,224500,19847.0,19880.0,19843.0,19870.0,377
698,20230615,224000,19909.0,19909.0,19845.0,19845.0,537
699,20230615,223500,19909.0,19912.0,19896.0,19912.0,209
700,20230615,223000,19894.0,19917.0,19887.0,19910.0,352
701,20230615,222500,19876.0,19897.0,19867.0,19893.0,351
702,20230615,222000,19887.0,19896.0,19871.0,19880.0,268
703,20230615,221500,19907.0,19909.0,19870.0,19886.0,591
704,20230615,221000,19927.0,19929.0,19895.0,19906.0,742
705,20230615,220500,19938.0,19941.0,19919.0,19925.0,250
706,20230615,220000,19931.0,19941.0,19923.0,19933.0,260
707,20230615,215500,19924.0,19938.0,19917.0,19929.0,356
708,20230615,215000,19927.0,19930.0,19895.0,19926.0,651
709,20230615,214500,19930.0,19943.0,19920.0,19931.0,509
710,20230615,214000,19922.0,19943.0,19909.0,19929.0,950
711,20230615,213500,19915.0,19931.0,19886.0,19923.0,1094
712,20230615,213000,19904.0,19919.0,19900.0,19914.0,338
713,20230615,212500,19897.0,19905.0,19888.0,19902.0,323
714,20230615,212000,19882.0,19897.0,19882.0,19897.0,296
715,20230615,211500,19874.0,19884.0,19872.0,19882.0,167
716,20230615,211000,19871.0,19877.0,19861.0,19874.0,268
717,20230615,210500,19861.0,19875.0,19857.0,19870.0,303
718,20230615,210000,19852.0,19861.0,19848.0,19860.0,216
719,20230615,205500,19840.0,19853.0,19836.0,19852.0,233
720,20230615,205000,19824.0,19845.0,19824.0,19838.0,162
721,20230615,204500,19820.0,19830.0,19819.0,19824.0,56
722,20230615,204000,19829.0,19833.0,19817.0,19817.0,72
723,20230615,203500,19818.0,19837.0,19818.0,19829.0,142
724,20230615,203000,19815.0,19821.0,19811.0,19811.0,61
725,20230615,202500,19827.0,19827.0,19815.0,19818.0,48
726,20230615,202000,19824.0,19831.0,19820.0,19826.0,93
727,20230615,201500,19816.0,19825.0,19815.0,19817.0,91
728,20230615,201000,19818.0,19819.0,19811.0,19817.0,23
729,20230615,200500,19810.0,19819.0,19810.0,19814.0,17
730,20230615,200000,19814.0,19818.0,19811.0,19811.0,16
731,20230615,195500,19814.0,19822.0,19811.0,19814.0,55
732,20230615,195000,19807.0,19814.0,19806.0,19814.0,41
733,20230615,194500,19807.0,19810.0,19800.0,19810.0,48
734,20230615,194000,19815.0,19817.0,19805.0,19806.0,41
735,20230615,193500,19802.0,19816.0,19802.0,19815.0,68
736,20230615,193000,19805.0,19805.0,19796.0,19801.0,38
737,20230615,192500,19795.0,19807.0,19794.0,19805.0,47
738,20230615,192000,19802.0,19803.0,19794.0,19794.0,58
739,20230615,191500,19803.0,19804.0,19797.0,19801.0,45
740,20230615,191000,19805.0,19808.0,19799.0,19806.0,45
741,20230615,190500,19800.0,19810.0,19800.0,19807.0,28
742,20230615,190000,19805.0,19809.0,19799.0,19799.0,42
743,20230615,185500,19805.0,19811.0,19803.0,19803.0,44
744,20230615,185000,19807.0,19808.0,19801.0,19804.0,35
745,20230615,184500,19808.0,19808.0,19800.0,19802.0,110
746,20230615,184000,19810.0,19813.0,19807.0,19808.0,62
747,20230615,183500,19821.0,19822.0,19810.0,19811.0,37
748,20230615,183000,19818.0,19821.0,19817.0,19818.0,25
749,20230615,182500,19807.0,19822.0,19804.0,19820.0,79
750,20230615,182000,19813.0,19816.0,19806.0,19807.0,47
751,20230615,181500,19809.0,19814.0,19807.0,19811.0,62
752,20230615,181000,19826.0,19828.0,19808.0,19808.0,60
753,20230615,180500,19831.0,19833.0,19822.0,19826.0,47
754,20230615,180000,19818.0,19834.0,19818.0,19829.0,79
755,20230615,175500,19817.0,19821.0,19811.0,19816.0,90
756,20230615,175000,19831.0,19835.0,19815.0,19815.0,150
757,20230615,174500,19817.0,19834.0,19815.0,19833.0,113
758,20230615,174000,19810.0,19826.0,19808.0,19818.0,114
759,20230615,173500,19793.0,19814.0,19792.0,19810.0,131
760,20230615,173000,19790.0,19793.0,19787.0,19793.0,139
761,20230615,172500,19795.0,19795.0,19785.0,19790.0,226
762,20230615,172000,19810.0,19810.0,19791.0,19796.0,249
763,20230615,163000,19806.0,19822.0,19797.0,19810.0,606
764,20230615,162500,19825.0,19828.0,19805.0,19805.0,410
765,20230615,162000,19824.0,19827.0,19819.0,19824.0,361
766,20230615,161500,19828.0,19842.0,19824.0,19824.0,227
767,20230615,161000,19841.0,19846.0,19818.0,19828.0,560
768,20230615,160500,19836.0,19848.0,19825.0,19843.0,884
769,20230615,160000,19823.0,19839.0,19817.0,19837.0,727
770,20230615,155500,19813.0,19825.0,19812.0,19823.0,388
771,20230615,155000,19827.0,19829.0,19803.0,19813.0,795
772,20230615,154500,19811.0,19831.0,19809.0,19828.0,621
773,20230615,154000,19814.0,19826.0,19802.0,19809.0,526
774,20230615,153500,19809.0,19818.0,19800.0,19814.0,404
775,20230615,153000,19807.0,19824.0,19798.0,19809.0,817
776,20230615,152500,19805.0,19814.0,19792.0,19809.0,1092
777,20230615,152000,19779.0,19805.0,19773.0,19804.0,1077
778,20230615,151500,19755.0,19782.0,19751.0,19779.0,550
779,20230615,151000,19756.0,19756.0,19738.0,19753.0,474
780,20230615,150500,19771.0,19778.0,19748.0,19754.0,816
781,20230615,150000,19738.0,19774.0,19737.0,19771.0,659
782,20230615,145500,19745.0,19765.0,19731.0,19737.0,743
783,20230615,145000,19720.0,19754.0,19719.0,19748.0,643
784,20230615,144500,19725.0,19734.0,19717.0,19721.0,303
785,20230615,144000,19730.0,19744.0,19718.0,19726.0,460
786,20230615,143500,19730.0,19739.0,19723.0,19730.0,444
787,20230615,143000,19714.0,19737.0,19713.0,19728.0,618
788,20230615,142500,19709.0,19724.0,19708.0,19711.0,468
789,20230615,142000,19722.0,19727.0,19701.0,19708.0,532
790,20230615,141500,19699.0,19727.0,19692.0,19725.0,821
791,20230615,141000,19666.0,19704.0,19665.0,19700.0,820
792,20230615,140500,19677.0,19682.0,19656.0,19666.0,903
793,20230615,140000,19665.0,19680.0,19641.0,19678.0,1535
794,20230615,135500,19717.0,19717.0,19662.0,19667.0,1794
795,20230615,135000,19725.0,19756.0,19714.0,19719.0,1162
796,20230615,134500,19719.0,19746.0,19713.0,19726.0,1064
797,20230615,134000,19750.0,19772.0,19715.0,19719.0,1775
798,20230615,133500,19741.0,19769.0,19727.0,19752.0,2474
799,20230615,133000,19659.0,19742.0,19654.0,19741.0,3092
800,20230615,132500,19628.0,19659.0,19627.0,19659.0,1291
801,20230615,132000,19601.0,19634.0,19597.0,19627.0,1087
802,20230615,131500,19594.0,19613.0,19583.0,19601.0,995
803,20230615,131000,19558.0,19606.0,19558.0,19596.0,1031
804,20230615,130500,19576.0,19584.0,19557.0,19558.0,579
805,20230615,130000,19579.0,19579.0,19575.0,19576.0,24
806,20230615,120000,19580.0,19586.0,19577.0,19581.0,181
807,20230615,115500,19585.0,19591.0,19575.0,19578.0,320
808,20230615,115000,19580.0,19585.0,19574.0,19584.0,210
809,20230615,114500,19564.0,19584.0,19563.0,19580.0,341
810,20230615,114000,19576.0,19587.0,19560.0,19561.0,534
811,20230615,113500,19539.0,19585.0,19538.0,19576.0,808
812,20230615,113000,19540.0,19549.0,19525.0,19539.0,455
813,20230615,112500,19516.0,19540.0,19515.0,19540.0,435
814,20230615,112000,19527.0,19538.0,19506.0,19515.0,830
815,20230615,111500,19540.0,19548.0,19526.0,19528.0,484
816,20230615,111000,19557.0,19568.0,19535.0,19540.0,574
817,20230615,110500,19565.0,19572.0,19544.0,19557.0,626
818,20230615,110000,19557.0,19572.0,19548.0,19565.0,519
819,20230615,105500,19559.0,19574.0,19543.0,19558.0,986
820,20230615,105000,19551.0,19562.0,19538.0,19560.0,583
821,20230615,104500,19547.0,19557.0,19532.0,19547.0,686
822,20230615,104000,19527.0,19556.0,19522.0,19547.0,1543
823,20230615,103500,19569.0,19577.0,19527.0,19527.0,1284
824,20230615,103000,19589.0,19608.0,19566.0,19567.0,997
825,20230615,102500,19577.0,19614.0,19576.0,19590.0,1205
826,20230615,102000,19571.0,19602.0,19560.0,19578.0,1471
827,20230615,101500,19577.0,19586.0,19535.0,19570.0,2360
828,20230615,101000,19626.0,19629.0,19572.0,19575.0,1871
829,20230615,100500,19623.0,19637.0,19599.0,19628.0,1691
830,20230615,100000,19646.0,19667.0,19612.0,19622.0,1246
831,20230615,095500,19625.0,19681.0,19615.0,19646.0,1814
832,20230615,095000,19642.0,19658.0,19608.0,19631.0,1953
833,20230615,094500,19678.0,19696.0,19638.0,19643.0,2037
834,20230615,094000,19625.0,19692.0,19621.0,19679.0,2546
835,20230615,093500,19607.0,19642.0,19566.0,19626.0,3056
836,20230615,093000,19622.0,19631.0,19606.0,19607.0,561
837,20230615,092500,19628.0,19652.0,19611.0,19623.0,1050
838,20230615,092000,19651.0,19661.0,19603.0,19630.0,1671
839,20230615,091500,19665.0,19665.0,19650.0,19650.0,95
840,20230615,030000,19705.0,19707.0,19683.0,19684.0,142
841,20230615,025500,19713.0,19725.0,19689.0,19706.0,195
842,20230615,025000,19699.0,19714.0,19683.0,19714.0,263
843,20230615,024500,19649.0,19700.0,19641.0,19698.0,299
844,20230615,024000,19610.0,19657.0,19609.0,19648.0,211
845,20230615,023500,19608.0,19624.0,19589.0,19605.0,122
846,20230615,023000,19597.0,19613.0,19580.0,19610.0,195
847,20230615,022500,19609.0,19619.0,19592.0,19602.0,127
848,20230615,022000,19607.0,19623.0,19592.0,19610.0,161
849,20230615,021500,19606.0,19626.0,19589.0,19612.0,324
850,20230615,021000,19624.0,19632.0,19565.0,19600.0,647
851,20230615,020500,19683.0,19690.0,19610.0,19624.0,634
852,20230615,020000,19712.0,19713.0,19684.0,19684.0,128
853,20230615,015500,19714.0,19716.0,19711.0,19711.0,36
854,20230615,015000,19706.0,19716.0,19706.0,19714.0,71
855,20230615,014500,19708.0,19710.0,19702.0,19709.0,83
856,20230615,014000,19717.0,19717.0,19707.0,19710.0,72
857,20230615,013500,19706.0,19717.0,19696.0,19715.0,116
858,20230615,013000,19701.0,19706.0,19697.0,19706.0,70
859,20230615,012500,19687.0,19705.0,19685.0,19702.0,76
860,20230615,012000,19700.0,19700.0,19677.0,19690.0,189
861,20230615,011500,19709.0,19718.0,19702.0,19702.0,119
862,20230615,011000,19705.0,19714.0,19702.0,19707.0,176
863,20230615,010500,19685.0,19708.0,19685.0,19706.0,145
864,20230615,010000,19674.0,19688.0,19671.0,19686.0,63
865,20230615,005500,19680.0,19680.0,19667.0,19670.0,34
866,20230615,005000,19670.0,19683.0,19670.0,19679.0,51
867,20230615,004500,19675.0,19683.0,19672.0,19672.0,96
868,20230615,004000,19668.0,19674.0,19663.0,19672.0,50
869,20230615,003500,19678.0,19678.0,19664.0,19670.0,167
870,20230615,003000,19703.0,19705.0,19678.0,19678.0,261
871,20230615,002500,19689.0,19706.0,19687.0,19703.0,303
872,20230615,002000,19678.0,19690.0,19678.0,19688.0,156
873,20230615,001500,19664.0,19680.0,19664.0,19677.0,169
874,20230615,001000,19660.0,19664.0,19655.0,19659.0,100
875,20230615,000500,19658.0,19665.0,19652.0,19660.0,138
876,20230615,000000,19643.0,19658.0,19640.0,19656.0,97
877,20230614,235500,19642.0,19648.0,19636.0,19643.0,50
878,20230614,235000,19643.0,19649.0,19642.0,19643.0,98
879,20230614,234500,19640.0,19646.0,19636.0,19640.0,99
880,20230614,234000,19632.0,19640.0,19628.0,19640.0,96
881,20230614,233500,19643.0,19650.0,19632.0,19635.0,113
882,20230614,233000,19647.0,19648.0,19635.0,19643.0,193
883,20230614,232500,19644.0,19650.0,19640.0,19646.0,82
884,20230614,232000,19642.0,19650.0,19641.0,19644.0,170
885,20230614,231500,19655.0,19655.0,19638.0,19640.0,176
886,20230614,231000,19663.0,19665.0,19650.0,19656.0,146
887,20230614,230500,19650.0,19671.0,19647.0,19665.0,287
888,20230614,230000,19645.0,19653.0,19637.0,19650.0,160
889,20230614,225500,19644.0,19652.0,19641.0,19645.0,124
890,20230614,225000,19650.0,19650.0,19641.0,19643.0,78
891,20230614,224500,19647.0,19659.0,19637.0,19650.0,197
892,20230614,224000,19633.0,19652.0,19627.0,19647.0,216
893,20230614,223500,19642.0,19652.0,19629.0,19630.0,392
894,20230614,223000,19656.0,19657.0,19636.0,19643.0,258
895,20230614,222500,19658.0,19659.0,19633.0,19656.0,618
896,20230614,222000,19668.0,19687.0,19658.0,19658.0,735
897,20230614,221500,19658.0,19673.0,19648.0,19669.0,669
898,20230614,221000,19635.0,19658.0,19625.0,19658.0,761
899,20230614,220500,19611.0,19641.0,19594.0,19635.0,771
900,20230614,220000,19596.0,19611.0,19586.0,19610.0,540
901,20230614,215500,19596.0,19625.0,19587.0,19597.0,709
902,20230614,215000,19586.0,19620.0,19582.0,19596.0,1024
903,20230614,214500,19556.0,19588.0,19554.0,19584.0,778
904,20230614,214000,19553.0,19575.0,19521.0,19554.0,904
905,20230614,213500,19519.0,19564.0,19510.0,19557.0,1331
906,20230614,213000,19507.0,19524.0,19505.0,19520.0,350
907,20230614,212500,19497.0,19507.0,19489.0,19506.0,182
908,20230614,212000,19495.0,19500.0,19481.0,19497.0,277
909,20230614,211500,19481.0,19498.0,19478.0,19495.0,191
910,20230614,211000,19491.0,19492.0,19475.0,19481.0,269
911,20230614,210500,19472.0,19490.0,19472.0,19490.0,283
912,20230614,210000,19468.0,19473.0,19464.0,19470.0,113
913,20230614,205500,19460.0,19470.0,19458.0,19464.0,118
914,20230614,205000,19460.0,19467.0,19453.0,19460.0,211
915,20230614,204500,19447.0,19458.0,19437.0,19457.0,188
916,20230614,204000,19446.0,19451.0,19444.0,19447.0,119
917,20230614,203500,19429.0,19448.0,19429.0,19445.0,119
918,20230614,203000,19432.0,19436.0,19426.0,19426.0,67
919,20230614,202500,19429.0,19440.0,19429.0,19432.0,183
920,20230614,202000,19419.0,19431.0,19419.0,19429.0,123
921,20230614,201500,19411.0,19418.0,19409.0,19418.0,36
922,20230614,201000,19415.0,19419.0,19409.0,19411.0,57
923,20230614,200500,19395.0,19417.0,19391.0,19415.0,321
924,20230614,200000,19411.0,19411.0,19392.0,19393.0,194
925,20230614,195500,19419.0,19419.0,19408.0,19414.0,108
926,20230614,195000,19428.0,19428.0,19416.0,19419.0,58
927,20230614,194500,19426.0,19430.0,19425.0,19425.0,26
928,20230614,194000,19429.0,19430.0,19423.0,19426.0,35
929,20230614,193500,19440.0,19440.0,19430.0,19433.0,19
930,20230614,193000,19440.0,19442.0,19436.0,19440.0,24
931,20230614,192500,19430.0,19442.0,19430.0,19442.0,23
932,20230614,192000,19433.0,19434.0,19428.0,19430.0,23
933,20230614,191500,19430.0,19434.0,19429.0,19432.0,16
934,20230614,191000,19437.0,19437.0,19429.0,19430.0,39
935,20230614,190500,19435.0,19437.0,19433.0,19436.0,24
936,20230614,190000,19440.0,19440.0,19434.0,19435.0,53
937,20230614,185500,19446.0,19446.0,19438.0,19440.0,37
938,20230614,185000,19444.0,19447.0,19442.0,19445.0,27
939,20230614,184500,19442.0,19446.0,19440.0,19446.0,55
940,20230614,184000,19441.0,19444.0,19437.0,19441.0,25
941,20230614,183500,19434.0,19440.0,19434.0,19440.0,55
942,20230614,183000,19439.0,19441.0,19432.0,19438.0,56
943,20230614,182500,19430.0,19442.0,19427.0,19439.0,58
944,20230614,182000,19430.0,19432.0,19427.0,19428.0,32
945,20230614,181500,19430.0,19432.0,19426.0,19430.0,44
946,20230614,181000,19417.0,19429.0,19417.0,19429.0,50
947,20230614,180500,19415.0,19419.0,19414.0,19415.0,66
948,20230614,180000,19422.0,19423.0,19415.0,19417.0,46
949,20230614,175500,19421.0,19426.0,19413.0,19423.0,73
950,20230614,175000,19427.0,19434.0,19420.0,19422.0,79
951,20230614,174500,19433.0,19433.0,19425.0,19429.0,65
952,20230614,174000,19447.0,19449.0,19432.0,19434.0,97
953,20230614,173500,19436.0,19455.0,19436.0,19452.0,155
954,20230614,173000,19433.0,19441.0,19433.0,19437.0,94
955,20230614,172500,19432.0,19437.0,19428.0,19432.0,95
956,20230614,172000,19399.0,19433.0,19399.0,19432.0,152
957,20230614,163000,19411.0,19423.0,19407.0,19422.0,330
958,20230614,162500,19401.0,19414.0,19400.0,19409.0,124
959,20230614,162000,19406.0,19414.0,19399.0,19401.0,266
960,20230614,161500,19394.0,19407.0,19394.0,19406.0,185
961,20230614,161000,19391.0,19406.0,19385.0,19394.0,341
962,20230614,160500,19416.0,19419.0,19390.0,19391.0,402
963,20230614,160000,19416.0,19422.0,19409.0,19416.0,323
964,20230614,155500,19413.0,19421.0,19411.0,19416.0,240
965,20230614,155000,19414.0,19422.0,19403.0,19412.0,444
966,20230614,154500,19397.0,19416.0,19397.0,19414.0,313
967,20230614,154000,19384.0,19405.0,19380.0,19397.0,314
968,20230614,153500,19394.0,19409.0,19380.0,19385.0,445
969,20230614,153000,19406.0,19406.0,19388.0,19394.0,342
970,20230614,152500,19405.0,19408.0,19392.0,19405.0,388
971,20230614,152000,19378.0,19406.0,19375.0,19404.0,823
972,20230614,151500,19367.0,19382.0,19356.0,19381.0,429
973,20230614,151000,19379.0,19380.0,19355.0,19369.0,455
974,20230614,150500,19365.0,19378.0,19352.0,19378.0,536
975,20230614,150000,19374.0,19386.0,19358.0,19365.0,402
976,20230614,145500,19371.0,19387.0,19369.0,19374.0,441
977,20230614,145000,19380.0,19389.0,19357.0,19370.0,682
978,20230614,144500,19388.0,19395.0,19357.0,19380.0,1357
979,20230614,144000,19406.0,19410.0,19383.0,19389.0,526
980,20230614,143500,19413.0,19413.0,19399.0,19404.0,262
981,20230614,143000,19420.0,19422.0,19396.0,19413.0,493
982,20230614,142500,19439.0,19441.0,19418.0,19421.0,358
983,20230614,142000,19428.0,19441.0,19418.0,19440.0,350
984,20230614,141500,19414.0,19434.0,19412.0,19431.0,485
985,20230614,141000,19412.0,19422.0,19401.0,19415.0,415
986,20230614,140500,19386.0,19425.0,19386.0,19411.0,840
987,20230614,140000,19425.0,19427.0,19387.0,19387.0,1196
988,20230614,135500,19463.0,19464.0,19425.0,19425.0,716
989,20230614,135000,19445.0,19463.0,19440.0,19461.0,515
990,20230614,134500,19425.0,19464.0,19425.0,19446.0,914
991,20230614,134000,19438.0,19453.0,19422.0,19424.0,1076
992,20230614,133500,19405.0,19437.0,19383.0,19437.0,1705
993,20230614,133000,19466.0,19467.0,19405.0,19406.0,1860
994,20230614,132500,19489.0,19489.0,19464.0,19467.0,572
995,20230614,132000,19495.0,19506.0,19474.0,19490.0,495
996,20230614,131500,19472.0,19496.0,19466.0,19493.0,511
997,20230614,131000,19501.0,19518.0,19469.0,19472.0,807
998,20230614,130500,19515.0,19515.0,19489.0,19502.0,860
999,20230614,130000,19510.0,19516.0,19510.0,19516.0,22
